topic_id,note_title
1,Study Notes for Topic 1
2,Study Notes for Topic 2
3,Study Notes for Topic 3
4,Study Notes for Topic 4
5,Study Notes for Topic 5
6,Study Notes for Topic 6
7,Study Notes for Topic 7
8,Study Notes for Topic 8
9,Study Notes for Topic 9
10,Study Notes for Topic 10
11,Study Notes for Topic 11
12,Study Notes for Topic 12
13,Study Notes for Topic 13
14,Study Notes for Topic 14
15,Study Notes for Topic 15
16,Study Notes for Topic 16
17,Study Notes for Topic 17
18,Study Notes for Topic 18
19,Study Notes for Topic 19
20,Study Notes for Topic 20
21,Study Notes for Topic 21
22,Study Notes for Topic 22
23,Study Notes for Topic 23
24,Study Notes for Topic 24
25,Study Notes for Topic 25
26,Study Notes for Topic 26
27,Study Notes for Topic 27
28,Study Notes for Topic 28
29,Study Notes for Topic 29
30,Study Notes for Topic 30
31,Study Notes for Topic 31
32,Study Notes for Topic 32
33,Study Notes for Topic 33
34,Study Notes for Topic 34
35,Study Notes for Topic 35
36,Study Notes for Topic 36
37,Study Notes for Topic 37
38,Study Notes for Topic 38
39,Study Notes for Topic 39
40,Study Notes for Topic 40
41,Study Notes for Topic 41
42,Study Notes for Topic 42
43,Study Notes for Topic 43
44,Study Notes for Topic 44
45,Study Notes for Topic 45
46,Study Notes for Topic 46
47,Study Notes for Topic 47
48,Study Notes for Topic 48
49,Study Notes for Topic 49
50,Study Notes for Topic 50
51,Study Notes for Topic 51
52,Study Notes for Topic 52
53,Study Notes for Topic 53
54,Study Notes for Topic 54
55,Study Notes for Topic 55
56,Study Notes for Topic 56
57,Study Notes for Topic 57
58,Study Notes for Topic 58
59,Study Notes for Topic 59
60,Study Notes for Topic 60
61,Study Notes for Topic 61
62,Study Notes for Topic 62
63,Study Notes for Topic 63
64,Study Notes for Topic 64
65,Study Notes for Topic 65
66,Study Notes for Topic 66
67,Study Notes for Topic 67
68,Study Notes for Topic 68
69,Study Notes for Topic 69
70,Study Notes for Topic 70
71,Study Notes for Topic 71
72,Study Notes for Topic 72
73,Study Notes for Topic 73
74,Study Notes for Topic 74
75,Study Notes for Topic 75
76,Study Notes for Topic 76
77,Study Notes for Topic 77
78,Study Notes for Topic 78
79,Study Notes for Topic 79
80,Study Notes for Topic 80
81,Study Notes for Topic 81
82,Study Notes for Topic 82
83,Study Notes for Topic 83
84,Study Notes for Topic 84
85,Study Notes for Topic 85
86,Study Notes for Topic 86
87,Study Notes for Topic 87
88,Study Notes for Topic 88
89,Study Notes for Topic 89
90,Study Notes for Topic 90
91,Study Notes for Topic 91
92,Study Notes for Topic 92
93,Study Notes for Topic 93
94,Study Notes for Topic 94
95,Study Notes for Topic 95
96,Study Notes for Topic 96
97,Study Notes for Topic 97
98,Study Notes for Topic 98
99,Study Notes for Topic 99
100,Study Notes for Topic 100
101,Study Notes for Topic 101
102,Study Notes for Topic 102
103,Study Notes for Topic 103
104,Study Notes for Topic 104
105,Study Notes for Topic 105
106,Study Notes for Topic 106
107,Study Notes for Topic 107
108,Study Notes for Topic 108
109,Study Notes for Topic 109
110,Study Notes for Topic 110
111,Study Notes for Topic 111
112,Study Notes for Topic 112
113,Study Notes for Topic 113
114,Study Notes for Topic 114
115,Study Notes for Topic 115
116,Study Notes for Topic 116
117,Study Notes for Topic 117
118,Study Notes for Topic 118
119,Study Notes for Topic 119
120,Study Notes for Topic 120
121,Study Notes for Topic 121
122,Study Notes for Topic 122
123,Study Notes for Topic 123
124,Study Notes for Topic 124
125,Study Notes for Topic 125
126,Study Notes for Topic 126
127,Study Notes for Topic 127
128,Study Notes for Topic 128
129,Study Notes for Topic 129
130,Study Notes for Topic 130
131,Study Notes for Topic 131
132,Study Notes for Topic 132
133,Study Notes for Topic 133
134,Study Notes for Topic 134
135,Study Notes for Topic 135
136,Study Notes for Topic 136
137,Study Notes for Topic 137
138,Study Notes for Topic 138
139,Study Notes for Topic 139
140,Study Notes for Topic 140
141,Study Notes for Topic 141
142,Study Notes for Topic 142
143,Study Notes for Topic 143
144,Study Notes for Topic 144
145,Study Notes for Topic 145
146,Study Notes for Topic 146
147,Study Notes for Topic 147
148,Study Notes for Topic 148
149,Study Notes for Topic 149
150,Study Notes for Topic 150
151,Study Notes for Topic 151
152,Study Notes for Topic 152
153,Study Notes for Topic 153
154,Study Notes for Topic 154
155,Study Notes for Topic 155
156,Study Notes for Topic 156
157,Study Notes for Topic 157
158,Study Notes for Topic 158
159,Study Notes for Topic 159
160,Study Notes for Topic 160
161,Study Notes for Topic 161
162,Study Notes for Topic 162
163,Study Notes for Topic 163
164,Study Notes for Topic 164
165,Study Notes for Topic 165
166,Study Notes for Topic 166
167,Study Notes for Topic 167
168,Study Notes for Topic 168
169,Study Notes for Topic 169
170,Study Notes for Topic 170
171,Study Notes for Topic 171
172,Study Notes for Topic 172
173,Study Notes for Topic 173
174,Study Notes for Topic 174
175,Study Notes for Topic 175
176,Study Notes for Topic 176
177,Study Notes for Topic 177
178,Study Notes for Topic 178
179,Study Notes for Topic 179
180,Study Notes for Topic 180
181,Study Notes for Topic 181
182,Study Notes for Topic 182
183,Study Notes for Topic 183
184,Study Notes for Topic 184
185,Study Notes for Topic 185
186,Study Notes for Topic 186
187,Study Notes for Topic 187
188,Study Notes for Topic 188
189,Study Notes for Topic 189
190,Study Notes for Topic 190
191,Study Notes for Topic 191
192,Study Notes for Topic 192
193,Study Notes for Topic 193
194,Study Notes for Topic 194
195,Study Notes for Topic 195
196,Study Notes for Topic 196
197,Study Notes for Topic 197
198,Study Notes for Topic 198
199,Study Notes for Topic 199
200,Study Notes for Topic 200
201,Study Notes for Topic 201
202,Study Notes for Topic 202
203,Study Notes for Topic 203
204,Study Notes for Topic 204
205,Study Notes for Topic 205
206,Study Notes for Topic 206
207,Study Notes for Topic 207
208,Study Notes for Topic 208
209,Study Notes for Topic 209
210,Study Notes for Topic 210
211,Study Notes for Topic 211
212,Study Notes for Topic 212
213,Study Notes for Topic 213
214,Study Notes for Topic 214
215,Study Notes for Topic 215
216,Study Notes for Topic 216
217,Study Notes for Topic 217
218,Study Notes for Topic 218
219,Study Notes for Topic 219
220,Study Notes for Topic 220
221,Study Notes for Topic 221
222,Study Notes for Topic 222
223,Study Notes for Topic 223
224,Study Notes for Topic 224
225,Study Notes for Topic 225
226,Study Notes for Topic 226
227,Study Notes for Topic 227
228,Study Notes for Topic 228
229,Study Notes for Topic 229
230,Study Notes for Topic 230
231,Study Notes for Topic 231
232,Study Notes for Topic 232
233,Study Notes for Topic 233
234,Study Notes for Topic 234
235,Study Notes for Topic 235
236,Study Notes for Topic 236
237,Study Notes for Topic 237
238,Study Notes for Topic 238
239,Study Notes for Topic 239
240,Study Notes for Topic 240
241,Study Notes for Topic 241
242,Study Notes for Topic 242
243,Study Notes for Topic 243
244,Study Notes for Topic 244
245,Study Notes for Topic 245
246,Study Notes for Topic 246
247,Study Notes for Topic 247
248,Study Notes for Topic 248
249,Study Notes for Topic 249
250,Study Notes for Topic 250
251,Study Notes for Topic 251
252,Study Notes for Topic 252
253,Study Notes for Topic 253
254,Study Notes for Topic 254
255,Study Notes for Topic 255
256,Study Notes for Topic 256
257,Study Notes for Topic 257
258,Study Notes for Topic 258
259,Study Notes for Topic 259
260,Study Notes for Topic 260
261,Study Notes for Topic 261
262,Study Notes for Topic 262
263,Study Notes for Topic 263
264,Study Notes for Topic 264
265,Study Notes for Topic 265
266,Study Notes for Topic 266
267,Study Notes for Topic 267
268,Study Notes for Topic 268
269,Study Notes for Topic 269
270,Study Notes for Topic 270
271,Study Notes for Topic 271
272,Study Notes for Topic 272
273,Study Notes for Topic 273
274,Study Notes for Topic 274
275,Study Notes for Topic 275
276,Study Notes for Topic 276
277,Study Notes for Topic 277
278,Study Notes for Topic 278
279,Study Notes for Topic 279
280,Study Notes for Topic 280
281,Study Notes for Topic 281
282,Study Notes for Topic 282
283,Study Notes for Topic 283
284,Study Notes for Topic 284
285,Study Notes for Topic 285
286,Study Notes for Topic 286
287,Study Notes for Topic 287
288,Study Notes for Topic 288
289,Study Notes for Topic 289
290,Study Notes for Topic 290
291,Study Notes for Topic 291
292,Study Notes for Topic 292
293,Study Notes for Topic 293
294,Study Notes for Topic 294
295,Study Notes for Topic 295
296,Study Notes for Topic 296
297,Study Notes for Topic 297
298,Study Notes for Topic 298
299,Study Notes for Topic 299
300,Study Notes for Topic 300
301,Study Notes for Topic 301
302,Study Notes for Topic 302
303,Study Notes for Topic 303
304,Study Notes for Topic 304
305,Study Notes for Topic 305
306,Study Notes for Topic 306
307,Study Notes for Topic 307
308,Study Notes for Topic 308
309,Study Notes for Topic 309
310,Study Notes for Topic 310
311,Study Notes for Topic 311
312,Study Notes for Topic 312
313,Study Notes for Topic 313
314,Study Notes for Topic 314
315,Study Notes for Topic 315
316,Study Notes for Topic 316
317,Study Notes for Topic 317
318,Study Notes for Topic 318
319,Study Notes for Topic 319
320,Study Notes for Topic 320
321,Study Notes for Topic 321
322,Study Notes for Topic 322
323,Study Notes for Topic 323
324,Study Notes for Topic 324
325,Study Notes for Topic 325
326,Study Notes for Topic 326
327,Study Notes for Topic 327
328,Study Notes for Topic 328
329,Study Notes for Topic 329
330,Study Notes for Topic 330
331,Study Notes for Topic 331
332,Study Notes for Topic 332
333,Study Notes for Topic 333
334,Study Notes for Topic 334
335,Study Notes for Topic 335
336,Study Notes for Topic 336
337,Study Notes for Topic 337
338,Study Notes for Topic 338
339,Study Notes for Topic 339
340,Study Notes for Topic 340
341,Study Notes for Topic 341
342,Study Notes for Topic 342
343,Study Notes for Topic 343
344,Study Notes for Topic 344
345,Study Notes for Topic 345
346,Study Notes for Topic 346
347,Study Notes for Topic 347
348,Study Notes for Topic 348
349,Study Notes for Topic 349
350,Study Notes for Topic 350
351,Study Notes for Topic 351
352,Study Notes for Topic 352
353,Study Notes for Topic 353
354,Study Notes for Topic 354
355,Study Notes for Topic 355
356,Study Notes for Topic 356
357,Study Notes for Topic 357
358,Study Notes for Topic 358
359,Study Notes for Topic 359
360,Study Notes for Topic 360
361,Study Notes for Topic 361
362,Study Notes for Topic 362
363,Study Notes for Topic 363
364,Study Notes for Topic 364
365,Study Notes for Topic 365
366,Study Notes for Topic 366
367,Study Notes for Topic 367
368,Study Notes for Topic 368
369,Study Notes for Topic 369
370,Study Notes for Topic 370
371,Study Notes for Topic 371
372,Study Notes for Topic 372
373,Study Notes for Topic 373
374,Study Notes for Topic 374
375,Study Notes for Topic 375
376,Study Notes for Topic 376
377,Study Notes for Topic 377
378,Study Notes for Topic 378
379,Study Notes for Topic 379
380,Study Notes for Topic 380
381,Study Notes for Topic 381
382,Study Notes for Topic 382
383,Study Notes for Topic 383
384,Study Notes for Topic 384
385,Study Notes for Topic 385
386,Study Notes for Topic 386
387,Study Notes for Topic 387
388,Study Notes for Topic 388
389,Study Notes for Topic 389
390,Study Notes for Topic 390
391,Study Notes for Topic 391
392,Study Notes for Topic 392
393,Study Notes for Topic 393
394,Study Notes for Topic 394
395,Study Notes for Topic 395
396,Study Notes for Topic 396
397,Study Notes for Topic 397
398,Study Notes for Topic 398
399,Study Notes for Topic 399
400,Study Notes for Topic 400
401,Study Notes for Topic 401
402,Study Notes for Topic 402
403,Study Notes for Topic 403
404,Study Notes for Topic 404
405,Study Notes for Topic 405
406,Study Notes for Topic 406
407,Study Notes for Topic 407
408,Study Notes for Topic 408
409,Study Notes for Topic 409
410,Study Notes for Topic 410
411,Study Notes for Topic 411
412,Study Notes for Topic 412
413,Study Notes for Topic 413
414,Study Notes for Topic 414
415,Study Notes for Topic 415
416,Study Notes for Topic 416
417,Study Notes for Topic 417
418,Study Notes for Topic 418
419,Study Notes for Topic 419
420,Study Notes for Topic 420
421,Study Notes for Topic 421
422,Study Notes for Topic 422
423,Study Notes for Topic 423
424,Study Notes for Topic 424
425,Study Notes for Topic 425
426,Study Notes for Topic 426
427,Study Notes for Topic 427
428,Study Notes for Topic 428
429,Study Notes for Topic 429
430,Study Notes for Topic 430
431,Study Notes for Topic 431
432,Study Notes for Topic 432
433,Study Notes for Topic 433
434,Study Notes for Topic 434
435,Study Notes for Topic 435
436,Study Notes for Topic 436
437,Study Notes for Topic 437
438,Study Notes for Topic 438
439,Study Notes for Topic 439
440,Study Notes for Topic 440
441,Study Notes for Topic 441
442,Study Notes for Topic 442
443,Study Notes for Topic 443
444,Study Notes for Topic 444
445,Study Notes for Topic 445
446,Study Notes for Topic 446
447,Study Notes for Topic 447
448,Study Notes for Topic 448
449,Study Notes for Topic 449
450,Study Notes for Topic 450
451,Study Notes for Topic 451
452,Study Notes for Topic 452
453,Study Notes for Topic 453
454,Study Notes for Topic 454
455,Study Notes for Topic 455
456,Study Notes for Topic 456
457,Study Notes for Topic 457
458,Study Notes for Topic 458
459,Study Notes for Topic 459
460,Study Notes for Topic 460
461,Study Notes for Topic 461
462,Study Notes for Topic 462
463,Study Notes for Topic 463
464,Study Notes for Topic 464
465,Study Notes for Topic 465
466,Study Notes for Topic 466
467,Study Notes for Topic 467
468,Study Notes for Topic 468
469,Study Notes for Topic 469
470,Study Notes for Topic 470
471,Study Notes for Topic 471
472,Study Notes for Topic 472
473,Study Notes for Topic 473
474,Study Notes for Topic 474
475,Study Notes for Topic 475
476,Study Notes for Topic 476
477,Study Notes for Topic 477
478,Study Notes for Topic 478
479,Study Notes for Topic 479
480,Study Notes for Topic 480
481,Study Notes for Topic 481
482,Study Notes for Topic 482
483,Study Notes for Topic 483
484,Study Notes for Topic 484
485,Study Notes for Topic 485
486,Study Notes for Topic 486
487,Study Notes for Topic 487
488,Study Notes for Topic 488
489,Study Notes for Topic 489
490,Study Notes for Topic 490
491,Study Notes for Topic 491
492,Study Notes for Topic 492
493,Study Notes for Topic 493
494,Study Notes for Topic 494
495,Study Notes for Topic 495
496,Study Notes for Topic 496
497,Study Notes for Topic 497
498,Study Notes for Topic 498
499,Study Notes for Topic 499
500,Study Notes for Topic 500
501,Study Notes for Topic 501
502,Study Notes for Topic 502
503,Study Notes for Topic 503
504,Study Notes for Topic 504
505,Study Notes for Topic 505
506,Study Notes for Topic 506
507,Study Notes for Topic 507
508,Study Notes for Topic 508
509,Study Notes for Topic 509
510,Study Notes for Topic 510
511,Study Notes for Topic 511
512,Study Notes for Topic 512
513,Study Notes for Topic 513
514,Study Notes for Topic 514
515,Study Notes for Topic 515
516,Study Notes for Topic 516
517,Study Notes for Topic 517
518,Study Notes for Topic 518
519,Study Notes for Topic 519
520,Study Notes for Topic 520
521,Study Notes for Topic 521
522,Study Notes for Topic 522
523,Study Notes for Topic 523
524,Study Notes for Topic 524
525,Study Notes for Topic 525
526,Study Notes for Topic 526
527,Study Notes for Topic 527
528,Study Notes for Topic 528
529,Study Notes for Topic 529
530,Study Notes for Topic 530
531,Study Notes for Topic 531
532,Study Notes for Topic 532
533,Study Notes for Topic 533
534,Study Notes for Topic 534
535,Study Notes for Topic 535
536,Study Notes for Topic 536
537,Study Notes for Topic 537
538,Study Notes for Topic 538
539,Study Notes for Topic 539
540,Study Notes for Topic 540
541,Study Notes for Topic 541
542,Study Notes for Topic 542
543,Study Notes for Topic 543
544,Study Notes for Topic 544
545,Study Notes for Topic 545
546,Study Notes for Topic 546
547,Study Notes for Topic 547
548,Study Notes for Topic 548
549,Study Notes for Topic 549
550,Study Notes for Topic 550
551,Study Notes for Topic 551
552,Study Notes for Topic 552
553,Study Notes for Topic 553
554,Study Notes for Topic 554
555,Study Notes for Topic 555
556,Study Notes for Topic 556
557,Study Notes for Topic 557
558,Study Notes for Topic 558
559,Study Notes for Topic 559
560,Study Notes for Topic 560
561,Study Notes for Topic 561
562,Study Notes for Topic 562
563,Study Notes for Topic 563
564,Study Notes for Topic 564
565,Study Notes for Topic 565
566,Study Notes for Topic 566
567,Study Notes for Topic 567
568,Study Notes for Topic 568
569,Study Notes for Topic 569
570,Study Notes for Topic 570
571,Study Notes for Topic 571
572,Study Notes for Topic 572
573,Study Notes for Topic 573
574,Study Notes for Topic 574
575,Study Notes for Topic 575
576,Study Notes for Topic 576
577,Study Notes for Topic 577
578,Study Notes for Topic 578
579,Study Notes for Topic 579
580,Study Notes for Topic 580
581,Study Notes for Topic 581
582,Study Notes for Topic 582
583,Study Notes for Topic 583
584,Study Notes for Topic 584
585,Study Notes for Topic 585
586,Study Notes for Topic 586
587,Study Notes for Topic 587
588,Study Notes for Topic 588
589,Study Notes for Topic 589
590,Study Notes for Topic 590
591,Study Notes for Topic 591
592,Study Notes for Topic 592
593,Study Notes for Topic 593
594,Study Notes for Topic 594
595,Study Notes for Topic 595
596,Study Notes for Topic 596
597,Study Notes for Topic 597
598,Study Notes for Topic 598
599,Study Notes for Topic 599
600,Study Notes for Topic 600
601,Study Notes for Topic 601
602,Study Notes for Topic 602
603,Study Notes for Topic 603
604,Study Notes for Topic 604
605,Study Notes for Topic 605
606,Study Notes for Topic 606
607,Study Notes for Topic 607
608,Study Notes for Topic 608
609,Study Notes for Topic 609
610,Study Notes for Topic 610
611,Study Notes for Topic 611
612,Study Notes for Topic 612
613,Study Notes for Topic 613
614,Study Notes for Topic 614
615,Study Notes for Topic 615
616,Study Notes for Topic 616
617,Study Notes for Topic 617
618,Study Notes for Topic 618
619,Study Notes for Topic 619
620,Study Notes for Topic 620
621,Study Notes for Topic 621
622,Study Notes for Topic 622
623,Study Notes for Topic 623
624,Study Notes for Topic 624
625,Study Notes for Topic 625
626,Study Notes for Topic 626
627,Study Notes for Topic 627
628,Study Notes for Topic 628
629,Study Notes for Topic 629
630,Study Notes for Topic 630
631,Study Notes for Topic 631
632,Study Notes for Topic 632
633,Study Notes for Topic 633
634,Study Notes for Topic 634
635,Study Notes for Topic 635
636,Study Notes for Topic 636
637,Study Notes for Topic 637
638,Study Notes for Topic 638
639,Study Notes for Topic 639
640,Study Notes for Topic 640
641,Study Notes for Topic 641
642,Study Notes for Topic 642
643,Study Notes for Topic 643
644,Study Notes for Topic 644
645,Study Notes for Topic 645
646,Study Notes for Topic 646
647,Study Notes for Topic 647
648,Study Notes for Topic 648
649,Study Notes for Topic 649
650,Study Notes for Topic 650
651,Study Notes for Topic 651
652,Study Notes for Topic 652
653,Study Notes for Topic 653
654,Study Notes for Topic 654
655,Study Notes for Topic 655
656,Study Notes for Topic 656
657,Study Notes for Topic 657
658,Study Notes for Topic 658
659,Study Notes for Topic 659
660,Study Notes for Topic 660
661,Study Notes for Topic 661
662,Study Notes for Topic 662
663,Study Notes for Topic 663
664,Study Notes for Topic 664
665,Study Notes for Topic 665
666,Study Notes for Topic 666
667,Study Notes for Topic 667
668,Study Notes for Topic 668
669,Study Notes for Topic 669
670,Study Notes for Topic 670
671,Study Notes for Topic 671
672,Study Notes for Topic 672
673,Study Notes for Topic 673
674,Study Notes for Topic 674
675,Study Notes for Topic 675
676,Study Notes for Topic 676
677,Study Notes for Topic 677
678,Study Notes for Topic 678
679,Study Notes for Topic 679
680,Study Notes for Topic 680
681,Study Notes for Topic 681
682,Study Notes for Topic 682
683,Study Notes for Topic 683
684,Study Notes for Topic 684
685,Study Notes for Topic 685
686,Study Notes for Topic 686
687,Study Notes for Topic 687
688,Study Notes for Topic 688
689,Study Notes for Topic 689
690,Study Notes for Topic 690
691,Study Notes for Topic 691
692,Study Notes for Topic 692
693,Study Notes for Topic 693
694,Study Notes for Topic 694
695,Study Notes for Topic 695
696,Study Notes for Topic 696
697,Study Notes for Topic 697
698,Study Notes for Topic 698
699,Study Notes for Topic 699
700,Study Notes for Topic 700
701,Study Notes for Topic 701
702,Study Notes for Topic 702
703,Study Notes for Topic 703
704,Study Notes for Topic 704
705,Study Notes for Topic 705
706,Study Notes for Topic 706
707,Study Notes for Topic 707
708,Study Notes for Topic 708
709,Study Notes for Topic 709
710,Study Notes for Topic 710
711,Study Notes for Topic 711
712,Study Notes for Topic 712
713,Study Notes for Topic 713
714,Study Notes for Topic 714
715,Study Notes for Topic 715
716,Study Notes for Topic 716
717,Study Notes for Topic 717
718,Study Notes for Topic 718
719,Study Notes for Topic 719
720,Study Notes for Topic 720
721,Study Notes for Topic 721
722,Study Notes for Topic 722
723,Study Notes for Topic 723
724,Study Notes for Topic 724
725,Study Notes for Topic 725
726,Study Notes for Topic 726
727,Study Notes for Topic 727
728,Study Notes for Topic 728
729,Study Notes for Topic 729
730,Study Notes for Topic 730
731,Study Notes for Topic 731
732,Study Notes for Topic 732
733,Study Notes for Topic 733
734,Study Notes for Topic 734
735,Study Notes for Topic 735
736,Study Notes for Topic 736
737,Study Notes for Topic 737
738,Study Notes for Topic 738
739,Study Notes for Topic 739
740,Study Notes for Topic 740
741,Study Notes for Topic 741
742,Study Notes for Topic 742
743,Study Notes for Topic 743
744,Study Notes for Topic 744
745,Study Notes for Topic 745
746,Study Notes for Topic 746
747,Study Notes for Topic 747
748,Study Notes for Topic 748
749,Study Notes for Topic 749
750,Study Notes for Topic 750
751,Study Notes for Topic 751
752,Study Notes for Topic 752
753,Study Notes for Topic 753
754,Study Notes for Topic 754
755,Study Notes for Topic 755
756,Study Notes for Topic 756
757,Study Notes for Topic 757
758,Study Notes for Topic 758
759,Study Notes for Topic 759
760,Study Notes for Topic 760
761,Study Notes for Topic 761
762,Study Notes for Topic 762
763,Study Notes for Topic 763
764,Study Notes for Topic 764
765,Study Notes for Topic 765
766,Study Notes for Topic 766
767,Study Notes for Topic 767
768,Study Notes for Topic 768
769,Study Notes for Topic 769
770,Study Notes for Topic 770
771,Study Notes for Topic 771
772,Study Notes for Topic 772
773,Study Notes for Topic 773
774,Study Notes for Topic 774
775,Study Notes for Topic 775
776,Study Notes for Topic 776
777,Study Notes for Topic 777
778,Study Notes for Topic 778
779,Study Notes for Topic 779
780,Study Notes for Topic 780
781,Study Notes for Topic 781
782,Study Notes for Topic 782
783,Study Notes for Topic 783
784,Study Notes for Topic 784
785,Study Notes for Topic 785
786,Study Notes for Topic 786
787,Study Notes for Topic 787
788,Study Notes for Topic 788
789,Study Notes for Topic 789
790,Study Notes for Topic 790
791,Study Notes for Topic 791
792,Study Notes for Topic 792
793,Study Notes for Topic 793
794,Study Notes for Topic 794
795,Study Notes for Topic 795
796,Study Notes for Topic 796
797,Study Notes for Topic 797
798,Study Notes for Topic 798
799,Study Notes for Topic 799
800,Study Notes for Topic 800
801,Study Notes for Topic 801
802,Study Notes for Topic 802
803,Study Notes for Topic 803
804,Study Notes for Topic 804
805,Study Notes for Topic 805
806,Study Notes for Topic 806
807,Study Notes for Topic 807
808,Study Notes for Topic 808
809,Study Notes for Topic 809
810,Study Notes for Topic 810
811,Study Notes for Topic 811
812,Study Notes for Topic 812
813,Study Notes for Topic 813
814,Study Notes for Topic 814
815,Study Notes for Topic 815
816,Study Notes for Topic 816
817,Study Notes for Topic 817
818,Study Notes for Topic 818
819,Study Notes for Topic 819
820,Study Notes for Topic 820
821,Study Notes for Topic 821
822,Study Notes for Topic 822
823,Study Notes for Topic 823
824,Study Notes for Topic 824
825,Study Notes for Topic 825
826,Study Notes for Topic 826
827,Study Notes for Topic 827
828,Study Notes for Topic 828
829,Study Notes for Topic 829
830,Study Notes for Topic 830
831,Study Notes for Topic 831
832,Study Notes for Topic 832
833,Study Notes for Topic 833
834,Study Notes for Topic 834
835,Study Notes for Topic 835
836,Study Notes for Topic 836
837,Study Notes for Topic 837
838,Study Notes for Topic 838
839,Study Notes for Topic 839
840,Study Notes for Topic 840
841,Study Notes for Topic 841
842,Study Notes for Topic 842
843,Study Notes for Topic 843
844,Study Notes for Topic 844
845,Study Notes for Topic 845
846,Study Notes for Topic 846
847,Study Notes for Topic 847
848,Study Notes for Topic 848
849,Study Notes for Topic 849
850,Study Notes for Topic 850
851,Study Notes for Topic 851
852,Study Notes for Topic 852
853,Study Notes for Topic 853
854,Study Notes for Topic 854
855,Study Notes for Topic 855
856,Study Notes for Topic 856
857,Study Notes for Topic 857
858,Study Notes for Topic 858
859,Study Notes for Topic 859
860,Study Notes for Topic 860
861,Study Notes for Topic 861
862,Study Notes for Topic 862
863,Study Notes for Topic 863
864,Study Notes for Topic 864
865,Study Notes for Topic 865
866,Study Notes for Topic 866
867,Study Notes for Topic 867
868,Study Notes for Topic 868
869,Study Notes for Topic 869
870,Study Notes for Topic 870
871,Study Notes for Topic 871
872,Study Notes for Topic 872
873,Study Notes for Topic 873
874,Study Notes for Topic 874
875,Study Notes for Topic 875
876,Study Notes for Topic 876
877,Study Notes for Topic 877
878,Study Notes for Topic 878
879,Study Notes for Topic 879
880,Study Notes for Topic 880
881,Study Notes for Topic 881
882,Study Notes for Topic 882
883,Study Notes for Topic 883
884,Study Notes for Topic 884
885,Study Notes for Topic 885
886,Study Notes for Topic 886
887,Study Notes for Topic 887
888,Study Notes for Topic 888
889,Study Notes for Topic 889
890,Study Notes for Topic 890
891,Study Notes for Topic 891
892,Study Notes for Topic 892
893,Study Notes for Topic 893
894,Study Notes for Topic 894
895,Study Notes for Topic 895
896,Study Notes for Topic 896
897,Study Notes for Topic 897
898,Study Notes for Topic 898
899,Study Notes for Topic 899
900,Study Notes for Topic 900
901,Study Notes for Topic 901
902,Study Notes for Topic 902
903,Study Notes for Topic 903
904,Study Notes for Topic 904
905,Study Notes for Topic 905
906,Study Notes for Topic 906
907,Study Notes for Topic 907
908,Study Notes for Topic 908
909,Study Notes for Topic 909
910,Study Notes for Topic 910
911,Study Notes for Topic 911
912,Study Notes for Topic 912
913,Study Notes for Topic 913
914,Study Notes for Topic 914
915,Study Notes for Topic 915
916,Study Notes for Topic 916
917,Study Notes for Topic 917
918,Study Notes for Topic 918
919,Study Notes for Topic 919
920,Study Notes for Topic 920
921,Study Notes for Topic 921
922,Study Notes for Topic 922
923,Study Notes for Topic 923
924,Study Notes for Topic 924
925,Study Notes for Topic 925
926,Study Notes for Topic 926
927,Study Notes for Topic 927
928,Study Notes for Topic 928
929,Study Notes for Topic 929
930,Study Notes for Topic 930
931,Study Notes for Topic 931
932,Study Notes for Topic 932
933,Study Notes for Topic 933
934,Study Notes for Topic 934
935,Study Notes for Topic 935
936,Study Notes for Topic 936
937,Study Notes for Topic 937
938,Study Notes for Topic 938
939,Study Notes for Topic 939
940,Study Notes for Topic 940
941,Study Notes for Topic 941
942,Study Notes for Topic 942
943,Study Notes for Topic 943
944,Study Notes for Topic 944
945,Study Notes for Topic 945
946,Study Notes for Topic 946
947,Study Notes for Topic 947
948,Study Notes for Topic 948
949,Study Notes for Topic 949
950,Study Notes for Topic 950
951,Study Notes for Topic 951
952,Study Notes for Topic 952
953,Study Notes for Topic 953
954,Study Notes for Topic 954
955,Study Notes for Topic 955
956,Study Notes for Topic 956
957,Study Notes for Topic 957
958,Study Notes for Topic 958
959,Study Notes for Topic 959
960,Study Notes for Topic 960
961,Study Notes for Topic 961
962,Study Notes for Topic 962
963,Study Notes for Topic 963
964,Study Notes for Topic 964
965,Study Notes for Topic 965
966,Study Notes for Topic 966
967,Study Notes for Topic 967
968,Study Notes for Topic 968
969,Study Notes for Topic 969
970,Study Notes for Topic 970
971,Study Notes for Topic 971
972,Study Notes for Topic 972
973,Study Notes for Topic 973
974,Study Notes for Topic 974
975,Study Notes for Topic 975
976,Study Notes for Topic 976
977,Study Notes for Topic 977
978,Study Notes for Topic 978
979,Study Notes for Topic 979
980,Study Notes for Topic 980
981,Study Notes for Topic 981
982,Study Notes for Topic 982
983,Study Notes for Topic 983
984,Study Notes for Topic 984
985,Study Notes for Topic 985
986,Study Notes for Topic 986
987,Study Notes for Topic 987
988,Study Notes for Topic 988
989,Study Notes for Topic 989
990,Study Notes for Topic 990
991,Study Notes for Topic 991
992,Study Notes for Topic 992
993,Study Notes for Topic 993
994,Study Notes for Topic 994
995,Study Notes for Topic 995
996,Study Notes for Topic 996
997,Study Notes for Topic 997
998,Study Notes for Topic 998
999,Study Notes for Topic 999
1000,Study Notes for Topic 1000
1001,Study Notes for Topic 1001
1002,Study Notes for Topic 1002
1003,Study Notes for Topic 1003
1004,Study Notes for Topic 1004
1005,Study Notes for Topic 1005
1006,Study Notes for Topic 1006
1007,Study Notes for Topic 1007
1008,Study Notes for Topic 1008
1009,Study Notes for Topic 1009
1010,Study Notes for Topic 1010
1011,Study Notes for Topic 1011
1012,Study Notes for Topic 1012
1013,Study Notes for Topic 1013
1014,Study Notes for Topic 1014
1015,Study Notes for Topic 1015
1016,Study Notes for Topic 1016
1017,Study Notes for Topic 1017
1018,Study Notes for Topic 1018
1019,Study Notes for Topic 1019
1020,Study Notes for Topic 1020
1021,Study Notes for Topic 1021
1022,Study Notes for Topic 1022
1023,Study Notes for Topic 1023
1024,Study Notes for Topic 1024
1025,Study Notes for Topic 1025
1026,Study Notes for Topic 1026
1027,Study Notes for Topic 1027
1028,Study Notes for Topic 1028
1029,Study Notes for Topic 1029
1030,Study Notes for Topic 1030
1031,Study Notes for Topic 1031
1032,Study Notes for Topic 1032
1033,Study Notes for Topic 1033
1034,Study Notes for Topic 1034
1035,Study Notes for Topic 1035
1036,Study Notes for Topic 1036
1037,Study Notes for Topic 1037
1038,Study Notes for Topic 1038
1039,Study Notes for Topic 1039
1040,Study Notes for Topic 1040
1041,Study Notes for Topic 1041
1042,Study Notes for Topic 1042
1043,Study Notes for Topic 1043
1044,Study Notes for Topic 1044
1045,Study Notes for Topic 1045
1046,Study Notes for Topic 1046
1047,Study Notes for Topic 1047
1048,Study Notes for Topic 1048
1049,Study Notes for Topic 1049
1050,Study Notes for Topic 1050
1051,Study Notes for Topic 1051
1052,Study Notes for Topic 1052
1053,Study Notes for Topic 1053
1054,Study Notes for Topic 1054
1055,Study Notes for Topic 1055
1056,Study Notes for Topic 1056
1057,Study Notes for Topic 1057
1058,Study Notes for Topic 1058
1059,Study Notes for Topic 1059
1060,Study Notes for Topic 1060
1061,Study Notes for Topic 1061
1062,Study Notes for Topic 1062
1063,Study Notes for Topic 1063
1064,Study Notes for Topic 1064
1065,Study Notes for Topic 1065
1066,Study Notes for Topic 1066
1067,Study Notes for Topic 1067
1068,Study Notes for Topic 1068
1069,Study Notes for Topic 1069
1070,Study Notes for Topic 1070
1071,Study Notes for Topic 1071
1072,Study Notes for Topic 1072
1073,Study Notes for Topic 1073
1074,Study Notes for Topic 1074
1075,Study Notes for Topic 1075
1076,Study Notes for Topic 1076
1077,Study Notes for Topic 1077
1078,Study Notes for Topic 1078
1079,Study Notes for Topic 1079
1080,Study Notes for Topic 1080
1081,Study Notes for Topic 1081
1082,Study Notes for Topic 1082
1083,Study Notes for Topic 1083
1084,Study Notes for Topic 1084
1085,Study Notes for Topic 1085
1086,Study Notes for Topic 1086
1087,Study Notes for Topic 1087
1088,Study Notes for Topic 1088
1089,Study Notes for Topic 1089
1090,Study Notes for Topic 1090
1091,Study Notes for Topic 1091
1092,Study Notes for Topic 1092
1093,Study Notes for Topic 1093
1094,Study Notes for Topic 1094
1095,Study Notes for Topic 1095
1096,Study Notes for Topic 1096
1097,Study Notes for Topic 1097
1098,Study Notes for Topic 1098
1099,Study Notes for Topic 1099
1100,Study Notes for Topic 1100
1101,Study Notes for Topic 1101
1102,Study Notes for Topic 1102
1103,Study Notes for Topic 1103
1104,Study Notes for Topic 1104
1105,Study Notes for Topic 1105
1106,Study Notes for Topic 1106
1107,Study Notes for Topic 1107
1108,Study Notes for Topic 1108
1109,Study Notes for Topic 1109
1110,Study Notes for Topic 1110
1111,Study Notes for Topic 1111
1112,Study Notes for Topic 1112
1113,Study Notes for Topic 1113
1114,Study Notes for Topic 1114
1115,Study Notes for Topic 1115
1116,Study Notes for Topic 1116
1117,Study Notes for Topic 1117
1118,Study Notes for Topic 1118
1119,Study Notes for Topic 1119
1120,Study Notes for Topic 1120
1121,Study Notes for Topic 1121
1122,Study Notes for Topic 1122
1123,Study Notes for Topic 1123
1124,Study Notes for Topic 1124
1125,Study Notes for Topic 1125
1126,Study Notes for Topic 1126
1127,Study Notes for Topic 1127
1128,Study Notes for Topic 1128
1129,Study Notes for Topic 1129
1130,Study Notes for Topic 1130
1131,Study Notes for Topic 1131
1132,Study Notes for Topic 1132
1133,Study Notes for Topic 1133
1134,Study Notes for Topic 1134
1135,Study Notes for Topic 1135
1136,Study Notes for Topic 1136
1137,Study Notes for Topic 1137
1138,Study Notes for Topic 1138
1139,Study Notes for Topic 1139
1140,Study Notes for Topic 1140
1141,Study Notes for Topic 1141
1142,Study Notes for Topic 1142
1143,Study Notes for Topic 1143
1144,Study Notes for Topic 1144
1145,Study Notes for Topic 1145
1146,Study Notes for Topic 1146
1147,Study Notes for Topic 1147
1148,Study Notes for Topic 1148
1149,Study Notes for Topic 1149
1150,Study Notes for Topic 1150
1151,Study Notes for Topic 1151
1152,Study Notes for Topic 1152
1153,Study Notes for Topic 1153
1154,Study Notes for Topic 1154
1155,Study Notes for Topic 1155
1156,Study Notes for Topic 1156
1157,Study Notes for Topic 1157
1158,Study Notes for Topic 1158
1159,Study Notes for Topic 1159
1160,Study Notes for Topic 1160
1161,Study Notes for Topic 1161
1162,Study Notes for Topic 1162
1163,Study Notes for Topic 1163
1164,Study Notes for Topic 1164
1165,Study Notes for Topic 1165
1166,Study Notes for Topic 1166
1167,Study Notes for Topic 1167
1168,Study Notes for Topic 1168
1169,Study Notes for Topic 1169
1170,Study Notes for Topic 1170
1171,Study Notes for Topic 1171
1172,Study Notes for Topic 1172
1173,Study Notes for Topic 1173
1174,Study Notes for Topic 1174
1175,Study Notes for Topic 1175
1176,Study Notes for Topic 1176
1177,Study Notes for Topic 1177
1178,Study Notes for Topic 1178
1179,Study Notes for Topic 1179
1180,Study Notes for Topic 1180
1181,Study Notes for Topic 1181
1182,Study Notes for Topic 1182
1183,Study Notes for Topic 1183
1184,Study Notes for Topic 1184
1185,Study Notes for Topic 1185
1186,Study Notes for Topic 1186
1187,Study Notes for Topic 1187
1188,Study Notes for Topic 1188
1189,Study Notes for Topic 1189
1190,Study Notes for Topic 1190
1191,Study Notes for Topic 1191
1192,Study Notes for Topic 1192
1193,Study Notes for Topic 1193
1194,Study Notes for Topic 1194
1195,Study Notes for Topic 1195
1196,Study Notes for Topic 1196
1197,Study Notes for Topic 1197
1198,Study Notes for Topic 1198
1199,Study Notes for Topic 1199
1200,Study Notes for Topic 1200
1201,Study Notes for Topic 1201
1202,Study Notes for Topic 1202
1203,Study Notes for Topic 1203
1204,Study Notes for Topic 1204
1205,Study Notes for Topic 1205
1206,Study Notes for Topic 1206
1207,Study Notes for Topic 1207
1208,Study Notes for Topic 1208
1209,Study Notes for Topic 1209
1210,Study Notes for Topic 1210
1211,Study Notes for Topic 1211
1212,Study Notes for Topic 1212
1213,Study Notes for Topic 1213
1214,Study Notes for Topic 1214
1215,Study Notes for Topic 1215
1216,Study Notes for Topic 1216
1217,Study Notes for Topic 1217
1218,Study Notes for Topic 1218
1219,Study Notes for Topic 1219
1220,Study Notes for Topic 1220
1221,Study Notes for Topic 1221
1222,Study Notes for Topic 1222
1223,Study Notes for Topic 1223
1224,Study Notes for Topic 1224
1225,Study Notes for Topic 1225
1226,Study Notes for Topic 1226
1227,Study Notes for Topic 1227
1228,Study Notes for Topic 1228
1229,Study Notes for Topic 1229
1230,Study Notes for Topic 1230
1231,Study Notes for Topic 1231
1232,Study Notes for Topic 1232
1233,Study Notes for Topic 1233
1234,Study Notes for Topic 1234
1235,Study Notes for Topic 1235
1236,Study Notes for Topic 1236
1237,Study Notes for Topic 1237
1238,Study Notes for Topic 1238
1239,Study Notes for Topic 1239
1240,Study Notes for Topic 1240
1241,Study Notes for Topic 1241
1242,Study Notes for Topic 1242
1243,Study Notes for Topic 1243
1244,Study Notes for Topic 1244
1245,Study Notes for Topic 1245
1246,Study Notes for Topic 1246
1247,Study Notes for Topic 1247
1248,Study Notes for Topic 1248
1249,Study Notes for Topic 1249
1250,Study Notes for Topic 1250
1251,Study Notes for Topic 1251
1252,Study Notes for Topic 1252
1253,Study Notes for Topic 1253
1254,Study Notes for Topic 1254
1255,Study Notes for Topic 1255
1256,Study Notes for Topic 1256
1257,Study Notes for Topic 1257
1258,Study Notes for Topic 1258
1259,Study Notes for Topic 1259
1260,Study Notes for Topic 1260
1261,Study Notes for Topic 1261
1262,Study Notes for Topic 1262
1263,Study Notes for Topic 1263
1264,Study Notes for Topic 1264
1265,Study Notes for Topic 1265
1266,Study Notes for Topic 1266
1267,Study Notes for Topic 1267
1268,Study Notes for Topic 1268
1269,Study Notes for Topic 1269
1270,Study Notes for Topic 1270
1271,Study Notes for Topic 1271
1272,Study Notes for Topic 1272
1273,Study Notes for Topic 1273
1274,Study Notes for Topic 1274
1275,Study Notes for Topic 1275
1276,Study Notes for Topic 1276
1277,Study Notes for Topic 1277
1278,Study Notes for Topic 1278
1279,Study Notes for Topic 1279
1280,Study Notes for Topic 1280
1281,Study Notes for Topic 1281
1282,Study Notes for Topic 1282
1283,Study Notes for Topic 1283
1284,Study Notes for Topic 1284
1285,Study Notes for Topic 1285
1286,Study Notes for Topic 1286
1287,Study Notes for Topic 1287
1288,Study Notes for Topic 1288
1289,Study Notes for Topic 1289
1290,Study Notes for Topic 1290
1291,Study Notes for Topic 1291
1292,Study Notes for Topic 1292
1293,Study Notes for Topic 1293
1294,Study Notes for Topic 1294
1295,Study Notes for Topic 1295
1296,Study Notes for Topic 1296
1297,Study Notes for Topic 1297
1298,Study Notes for Topic 1298
1299,Study Notes for Topic 1299
1300,Study Notes for Topic 1300
1301,Study Notes for Topic 1301
1302,Study Notes for Topic 1302
1303,Study Notes for Topic 1303
1304,Study Notes for Topic 1304
1305,Study Notes for Topic 1305
1306,Study Notes for Topic 1306
1307,Study Notes for Topic 1307
1308,Study Notes for Topic 1308
1309,Study Notes for Topic 1309
1310,Study Notes for Topic 1310
1311,Study Notes for Topic 1311
1312,Study Notes for Topic 1312
1313,Study Notes for Topic 1313
1314,Study Notes for Topic 1314
1315,Study Notes for Topic 1315
1316,Study Notes for Topic 1316
1317,Study Notes for Topic 1317
1318,Study Notes for Topic 1318
1319,Study Notes for Topic 1319
1320,Study Notes for Topic 1320
1321,Study Notes for Topic 1321
1322,Study Notes for Topic 1322
1323,Study Notes for Topic 1323
1324,Study Notes for Topic 1324
1325,Study Notes for Topic 1325
1326,Study Notes for Topic 1326
1327,Study Notes for Topic 1327
1328,Study Notes for Topic 1328
1329,Study Notes for Topic 1329
1330,Study Notes for Topic 1330
1331,Study Notes for Topic 1331
1332,Study Notes for Topic 1332
1333,Study Notes for Topic 1333
1334,Study Notes for Topic 1334
1335,Study Notes for Topic 1335
1336,Study Notes for Topic 1336
1337,Study Notes for Topic 1337
1338,Study Notes for Topic 1338
1339,Study Notes for Topic 1339
1340,Study Notes for Topic 1340
1341,Study Notes for Topic 1341
1342,Study Notes for Topic 1342
1343,Study Notes for Topic 1343
1344,Study Notes for Topic 1344
1345,Study Notes for Topic 1345
1346,Study Notes for Topic 1346
1347,Study Notes for Topic 1347
1348,Study Notes for Topic 1348
1349,Study Notes for Topic 1349
1350,Study Notes for Topic 1350
1351,Study Notes for Topic 1351
1352,Study Notes for Topic 1352
1353,Study Notes for Topic 1353
1354,Study Notes for Topic 1354
1355,Study Notes for Topic 1355
1356,Study Notes for Topic 1356
1357,Study Notes for Topic 1357
1358,Study Notes for Topic 1358
1359,Study Notes for Topic 1359
1360,Study Notes for Topic 1360
1361,Study Notes for Topic 1361
1362,Study Notes for Topic 1362
1363,Study Notes for Topic 1363
1364,Study Notes for Topic 1364
1365,Study Notes for Topic 1365
1366,Study Notes for Topic 1366
1367,Study Notes for Topic 1367
1368,Study Notes for Topic 1368
1369,Study Notes for Topic 1369
1370,Study Notes for Topic 1370
1371,Study Notes for Topic 1371
1372,Study Notes for Topic 1372
1373,Study Notes for Topic 1373
1374,Study Notes for Topic 1374
1375,Study Notes for Topic 1375
1376,Study Notes for Topic 1376
1377,Study Notes for Topic 1377
1378,Study Notes for Topic 1378
1379,Study Notes for Topic 1379
1380,Study Notes for Topic 1380
1381,Study Notes for Topic 1381
1382,Study Notes for Topic 1382
1383,Study Notes for Topic 1383
1384,Study Notes for Topic 1384
1385,Study Notes for Topic 1385
1386,Study Notes for Topic 1386
1387,Study Notes for Topic 1387
1388,Study Notes for Topic 1388
1389,Study Notes for Topic 1389
1390,Study Notes for Topic 1390
1391,Study Notes for Topic 1391
1392,Study Notes for Topic 1392
1393,Study Notes for Topic 1393
1394,Study Notes for Topic 1394
1395,Study Notes for Topic 1395
1396,Study Notes for Topic 1396
1397,Study Notes for Topic 1397
1398,Study Notes for Topic 1398
1399,Study Notes for Topic 1399
1400,Study Notes for Topic 1400
1401,Study Notes for Topic 1401
1402,Study Notes for Topic 1402
1403,Study Notes for Topic 1403
1404,Study Notes for Topic 1404
1405,Study Notes for Topic 1405
1406,Study Notes for Topic 1406
1407,Study Notes for Topic 1407
1408,Study Notes for Topic 1408
1409,Study Notes for Topic 1409
1410,Study Notes for Topic 1410
1411,Study Notes for Topic 1411
1412,Study Notes for Topic 1412
1413,Study Notes for Topic 1413
1414,Study Notes for Topic 1414
1415,Study Notes for Topic 1415
1416,Study Notes for Topic 1416
1417,Study Notes for Topic 1417
1418,Study Notes for Topic 1418
1419,Study Notes for Topic 1419
1420,Study Notes for Topic 1420
1421,Study Notes for Topic 1421
1422,Study Notes for Topic 1422
1423,Study Notes for Topic 1423
1424,Study Notes for Topic 1424
1425,Study Notes for Topic 1425
1426,Study Notes for Topic 1426
1427,Study Notes for Topic 1427
1428,Study Notes for Topic 1428
1429,Study Notes for Topic 1429
1430,Study Notes for Topic 1430
1431,Study Notes for Topic 1431
1432,Study Notes for Topic 1432
1433,Study Notes for Topic 1433
1434,Study Notes for Topic 1434
1435,Study Notes for Topic 1435
1436,Study Notes for Topic 1436
1437,Study Notes for Topic 1437
1438,Study Notes for Topic 1438
1439,Study Notes for Topic 1439
1440,Study Notes for Topic 1440
1441,Study Notes for Topic 1441
1442,Study Notes for Topic 1442
1443,Study Notes for Topic 1443
1444,Study Notes for Topic 1444
1445,Study Notes for Topic 1445
1446,Study Notes for Topic 1446
1447,Study Notes for Topic 1447
1448,Study Notes for Topic 1448
1449,Study Notes for Topic 1449
1450,Study Notes for Topic 1450
1451,Study Notes for Topic 1451
1452,Study Notes for Topic 1452
1453,Study Notes for Topic 1453
1454,Study Notes for Topic 1454
1455,Study Notes for Topic 1455
1456,Study Notes for Topic 1456
1457,Study Notes for Topic 1457
1458,Study Notes for Topic 1458
1459,Study Notes for Topic 1459
1460,Study Notes for Topic 1460
1461,Study Notes for Topic 1461
1462,Study Notes for Topic 1462
1463,Study Notes for Topic 1463
1464,Study Notes for Topic 1464
1465,Study Notes for Topic 1465
1466,Study Notes for Topic 1466
1467,Study Notes for Topic 1467
1468,Study Notes for Topic 1468
1469,Study Notes for Topic 1469
1470,Study Notes for Topic 1470
1471,Study Notes for Topic 1471
1472,Study Notes for Topic 1472
1473,Study Notes for Topic 1473
1474,Study Notes for Topic 1474
1475,Study Notes for Topic 1475
1476,Study Notes for Topic 1476
1477,Study Notes for Topic 1477
1478,Study Notes for Topic 1478
1479,Study Notes for Topic 1479
1480,Study Notes for Topic 1480
1481,Study Notes for Topic 1481
1482,Study Notes for Topic 1482
1483,Study Notes for Topic 1483
1484,Study Notes for Topic 1484
1485,Study Notes for Topic 1485
1486,Study Notes for Topic 1486
1487,Study Notes for Topic 1487
1488,Study Notes for Topic 1488
1489,Study Notes for Topic 1489
1490,Study Notes for Topic 1490
1491,Study Notes for Topic 1491
1492,Study Notes for Topic 1492
1493,Study Notes for Topic 1493
1494,Study Notes for Topic 1494
1495,Study Notes for Topic 1495
1496,Study Notes for Topic 1496
1497,Study Notes for Topic 1497
1498,Study Notes for Topic 1498
1499,Study Notes for Topic 1499
1500,Study Notes for Topic 1500
1501,Study Notes for Topic 1501
1502,Study Notes for Topic 1502
1503,Study Notes for Topic 1503
1504,Study Notes for Topic 1504
1505,Study Notes for Topic 1505
1506,Study Notes for Topic 1506
1507,Study Notes for Topic 1507
1508,Study Notes for Topic 1508
1509,Study Notes for Topic 1509
1510,Study Notes for Topic 1510
1511,Study Notes for Topic 1511
1512,Study Notes for Topic 1512
1513,Study Notes for Topic 1513
1514,Study Notes for Topic 1514
1515,Study Notes for Topic 1515
1516,Study Notes for Topic 1516
1517,Study Notes for Topic 1517
1518,Study Notes for Topic 1518
1519,Study Notes for Topic 1519
1520,Study Notes for Topic 1520
1521,Study Notes for Topic 1521
1522,Study Notes for Topic 1522
1523,Study Notes for Topic 1523
1524,Study Notes for Topic 1524
1525,Study Notes for Topic 1525
1526,Study Notes for Topic 1526
1527,Study Notes for Topic 1527
1528,Study Notes for Topic 1528
1529,Study Notes for Topic 1529
1530,Study Notes for Topic 1530
1531,Study Notes for Topic 1531
1532,Study Notes for Topic 1532
1533,Study Notes for Topic 1533
1534,Study Notes for Topic 1534
1535,Study Notes for Topic 1535
1536,Study Notes for Topic 1536
1537,Study Notes for Topic 1537
1538,Study Notes for Topic 1538
1539,Study Notes for Topic 1539
1540,Study Notes for Topic 1540
1541,Study Notes for Topic 1541
1542,Study Notes for Topic 1542
1543,Study Notes for Topic 1543
1544,Study Notes for Topic 1544
1545,Study Notes for Topic 1545
1546,Study Notes for Topic 1546
1547,Study Notes for Topic 1547
1548,Study Notes for Topic 1548
1549,Study Notes for Topic 1549
1550,Study Notes for Topic 1550
1551,Study Notes for Topic 1551
1552,Study Notes for Topic 1552
1553,Study Notes for Topic 1553
1554,Study Notes for Topic 1554
1555,Study Notes for Topic 1555
1556,Study Notes for Topic 1556
1557,Study Notes for Topic 1557
1558,Study Notes for Topic 1558
1559,Study Notes for Topic 1559
1560,Study Notes for Topic 1560
1561,Study Notes for Topic 1561
1562,Study Notes for Topic 1562
1563,Study Notes for Topic 1563
1564,Study Notes for Topic 1564
1565,Study Notes for Topic 1565
1566,Study Notes for Topic 1566
1567,Study Notes for Topic 1567
1568,Study Notes for Topic 1568
1569,Study Notes for Topic 1569
1570,Study Notes for Topic 1570
1571,Study Notes for Topic 1571
1572,Study Notes for Topic 1572
1573,Study Notes for Topic 1573
1574,Study Notes for Topic 1574
1575,Study Notes for Topic 1575
1576,Study Notes for Topic 1576
1577,Study Notes for Topic 1577
1578,Study Notes for Topic 1578
1579,Study Notes for Topic 1579
1580,Study Notes for Topic 1580
1581,Study Notes for Topic 1581
1582,Study Notes for Topic 1582
1583,Study Notes for Topic 1583
1584,Study Notes for Topic 1584
1585,Study Notes for Topic 1585
1586,Study Notes for Topic 1586
1587,Study Notes for Topic 1587
1588,Study Notes for Topic 1588
1589,Study Notes for Topic 1589
1590,Study Notes for Topic 1590
1591,Study Notes for Topic 1591
1592,Study Notes for Topic 1592
1593,Study Notes for Topic 1593
1594,Study Notes for Topic 1594
1595,Study Notes for Topic 1595
1596,Study Notes for Topic 1596
1597,Study Notes for Topic 1597
1598,Study Notes for Topic 1598
1599,Study Notes for Topic 1599
1600,Study Notes for Topic 1600
1601,Study Notes for Topic 1601
1602,Study Notes for Topic 1602
1603,Study Notes for Topic 1603
1604,Study Notes for Topic 1604
1605,Study Notes for Topic 1605
1606,Study Notes for Topic 1606
1607,Study Notes for Topic 1607
1608,Study Notes for Topic 1608
1609,Study Notes for Topic 1609
1610,Study Notes for Topic 1610
1611,Study Notes for Topic 1611
1612,Study Notes for Topic 1612
1613,Study Notes for Topic 1613
1614,Study Notes for Topic 1614
1615,Study Notes for Topic 1615
1616,Study Notes for Topic 1616
1617,Study Notes for Topic 1617
1618,Study Notes for Topic 1618
1619,Study Notes for Topic 1619
1620,Study Notes for Topic 1620
1621,Study Notes for Topic 1621
1622,Study Notes for Topic 1622
1623,Study Notes for Topic 1623
1624,Study Notes for Topic 1624
1625,Study Notes for Topic 1625
1626,Study Notes for Topic 1626
1627,Study Notes for Topic 1627
1628,Study Notes for Topic 1628
1629,Study Notes for Topic 1629
1630,Study Notes for Topic 1630
1631,Study Notes for Topic 1631
1632,Study Notes for Topic 1632
1633,Study Notes for Topic 1633
1634,Study Notes for Topic 1634
1635,Study Notes for Topic 1635
1636,Study Notes for Topic 1636
1637,Study Notes for Topic 1637
1638,Study Notes for Topic 1638
1639,Study Notes for Topic 1639
1640,Study Notes for Topic 1640
1641,Study Notes for Topic 1641
1642,Study Notes for Topic 1642
1643,Study Notes for Topic 1643
1644,Study Notes for Topic 1644
1645,Study Notes for Topic 1645
1646,Study Notes for Topic 1646
1647,Study Notes for Topic 1647
1648,Study Notes for Topic 1648
1649,Study Notes for Topic 1649
1650,Study Notes for Topic 1650
1651,Study Notes for Topic 1651
1652,Study Notes for Topic 1652
1653,Study Notes for Topic 1653
1654,Study Notes for Topic 1654
1655,Study Notes for Topic 1655
1656,Study Notes for Topic 1656
1657,Study Notes for Topic 1657
1658,Study Notes for Topic 1658
1659,Study Notes for Topic 1659
1660,Study Notes for Topic 1660
1661,Study Notes for Topic 1661
1662,Study Notes for Topic 1662
1663,Study Notes for Topic 1663
1664,Study Notes for Topic 1664
1665,Study Notes for Topic 1665
1666,Study Notes for Topic 1666
1667,Study Notes for Topic 1667
1668,Study Notes for Topic 1668
1669,Study Notes for Topic 1669
1670,Study Notes for Topic 1670
1671,Study Notes for Topic 1671
1672,Study Notes for Topic 1672
1673,Study Notes for Topic 1673
1674,Study Notes for Topic 1674
1675,Study Notes for Topic 1675
1676,Study Notes for Topic 1676
1677,Study Notes for Topic 1677
1678,Study Notes for Topic 1678
1679,Study Notes for Topic 1679
1680,Study Notes for Topic 1680
1681,Study Notes for Topic 1681
1682,Study Notes for Topic 1682
1683,Study Notes for Topic 1683
1684,Study Notes for Topic 1684
1685,Study Notes for Topic 1685
1686,Study Notes for Topic 1686
1687,Study Notes for Topic 1687
1688,Study Notes for Topic 1688
1689,Study Notes for Topic 1689
1690,Study Notes for Topic 1690
1691,Study Notes for Topic 1691
1692,Study Notes for Topic 1692
1693,Study Notes for Topic 1693
1694,Study Notes for Topic 1694
1695,Study Notes for Topic 1695
1696,Study Notes for Topic 1696
1697,Study Notes for Topic 1697
1698,Study Notes for Topic 1698
1699,Study Notes for Topic 1699
1700,Study Notes for Topic 1700
1701,Study Notes for Topic 1701
1702,Study Notes for Topic 1702
1703,Study Notes for Topic 1703
1704,Study Notes for Topic 1704
1705,Study Notes for Topic 1705
1706,Study Notes for Topic 1706
1707,Study Notes for Topic 1707
1708,Study Notes for Topic 1708
1709,Study Notes for Topic 1709
1710,Study Notes for Topic 1710
1711,Study Notes for Topic 1711
1712,Study Notes for Topic 1712
1713,Study Notes for Topic 1713
1714,Study Notes for Topic 1714
1715,Study Notes for Topic 1715
1716,Study Notes for Topic 1716
1717,Study Notes for Topic 1717
1718,Study Notes for Topic 1718
1719,Study Notes for Topic 1719
1720,Study Notes for Topic 1720
1721,Study Notes for Topic 1721
1722,Study Notes for Topic 1722
1723,Study Notes for Topic 1723
1724,Study Notes for Topic 1724
1725,Study Notes for Topic 1725
1726,Study Notes for Topic 1726
1727,Study Notes for Topic 1727
1728,Study Notes for Topic 1728
1729,Study Notes for Topic 1729
1730,Study Notes for Topic 1730
1731,Study Notes for Topic 1731
1732,Study Notes for Topic 1732
1733,Study Notes for Topic 1733
1734,Study Notes for Topic 1734
1735,Study Notes for Topic 1735
1736,Study Notes for Topic 1736
1737,Study Notes for Topic 1737
1738,Study Notes for Topic 1738
1739,Study Notes for Topic 1739
1740,Study Notes for Topic 1740
1741,Study Notes for Topic 1741
1742,Study Notes for Topic 1742
1743,Study Notes for Topic 1743
1744,Study Notes for Topic 1744
1745,Study Notes for Topic 1745
1746,Study Notes for Topic 1746
1747,Study Notes for Topic 1747
1748,Study Notes for Topic 1748
1749,Study Notes for Topic 1749
1750,Study Notes for Topic 1750
1751,Study Notes for Topic 1751
1752,Study Notes for Topic 1752
1753,Study Notes for Topic 1753
1754,Study Notes for Topic 1754
1755,Study Notes for Topic 1755
1756,Study Notes for Topic 1756
1757,Study Notes for Topic 1757
1758,Study Notes for Topic 1758
1759,Study Notes for Topic 1759
1760,Study Notes for Topic 1760
1761,Study Notes for Topic 1761
1762,Study Notes for Topic 1762
1763,Study Notes for Topic 1763
1764,Study Notes for Topic 1764
1765,Study Notes for Topic 1765
1766,Study Notes for Topic 1766
1767,Study Notes for Topic 1767
1768,Study Notes for Topic 1768
1769,Study Notes for Topic 1769
1770,Study Notes for Topic 1770
1771,Study Notes for Topic 1771
1772,Study Notes for Topic 1772
1773,Study Notes for Topic 1773
1774,Study Notes for Topic 1774
1775,Study Notes for Topic 1775
1776,Study Notes for Topic 1776
1777,Study Notes for Topic 1777
1778,Study Notes for Topic 1778
1779,Study Notes for Topic 1779
1780,Study Notes for Topic 1780
1781,Study Notes for Topic 1781
1782,Study Notes for Topic 1782
1783,Study Notes for Topic 1783
1784,Study Notes for Topic 1784
1785,Study Notes for Topic 1785
1786,Study Notes for Topic 1786
1787,Study Notes for Topic 1787
1788,Study Notes for Topic 1788
1789,Study Notes for Topic 1789
1790,Study Notes for Topic 1790
1791,Study Notes for Topic 1791
1792,Study Notes for Topic 1792
1793,Study Notes for Topic 1793
1794,Study Notes for Topic 1794
1795,Study Notes for Topic 1795
1796,Study Notes for Topic 1796
1797,Study Notes for Topic 1797
1798,Study Notes for Topic 1798
1799,Study Notes for Topic 1799
1800,Study Notes for Topic 1800
1801,Study Notes for Topic 1801
1802,Study Notes for Topic 1802
1803,Study Notes for Topic 1803
1804,Study Notes for Topic 1804
1805,Study Notes for Topic 1805
1806,Study Notes for Topic 1806
1807,Study Notes for Topic 1807
1808,Study Notes for Topic 1808
1809,Study Notes for Topic 1809
1810,Study Notes for Topic 1810
1811,Study Notes for Topic 1811
1812,Study Notes for Topic 1812
1813,Study Notes for Topic 1813
1814,Study Notes for Topic 1814
1815,Study Notes for Topic 1815
1816,Study Notes for Topic 1816
1817,Study Notes for Topic 1817
1818,Study Notes for Topic 1818
1819,Study Notes for Topic 1819
1820,Study Notes for Topic 1820
1821,Study Notes for Topic 1821
1822,Study Notes for Topic 1822
1823,Study Notes for Topic 1823
1824,Study Notes for Topic 1824
1825,Study Notes for Topic 1825
1826,Study Notes for Topic 1826
1827,Study Notes for Topic 1827
1828,Study Notes for Topic 1828
1829,Study Notes for Topic 1829
1830,Study Notes for Topic 1830
1831,Study Notes for Topic 1831
1832,Study Notes for Topic 1832
1833,Study Notes for Topic 1833
1834,Study Notes for Topic 1834
1835,Study Notes for Topic 1835
1836,Study Notes for Topic 1836
1837,Study Notes for Topic 1837
1838,Study Notes for Topic 1838
1839,Study Notes for Topic 1839
1840,Study Notes for Topic 1840
1841,Study Notes for Topic 1841
1842,Study Notes for Topic 1842
1843,Study Notes for Topic 1843
1844,Study Notes for Topic 1844
1845,Study Notes for Topic 1845
1846,Study Notes for Topic 1846
1847,Study Notes for Topic 1847
1848,Study Notes for Topic 1848
1849,Study Notes for Topic 1849
1850,Study Notes for Topic 1850
1851,Study Notes for Topic 1851
1852,Study Notes for Topic 1852
1853,Study Notes for Topic 1853
1854,Study Notes for Topic 1854
1855,Study Notes for Topic 1855
1856,Study Notes for Topic 1856
1857,Study Notes for Topic 1857
1858,Study Notes for Topic 1858
1859,Study Notes for Topic 1859
1860,Study Notes for Topic 1860
1861,Study Notes for Topic 1861
1862,Study Notes for Topic 1862
1863,Study Notes for Topic 1863
1864,Study Notes for Topic 1864
1865,Study Notes for Topic 1865
1866,Study Notes for Topic 1866
1867,Study Notes for Topic 1867
1868,Study Notes for Topic 1868
1869,Study Notes for Topic 1869
1870,Study Notes for Topic 1870
1871,Study Notes for Topic 1871
1872,Study Notes for Topic 1872
1873,Study Notes for Topic 1873
1874,Study Notes for Topic 1874
1875,Study Notes for Topic 1875
1876,Study Notes for Topic 1876
1877,Study Notes for Topic 1877
1878,Study Notes for Topic 1878
1879,Study Notes for Topic 1879
1880,Study Notes for Topic 1880
1881,Study Notes for Topic 1881
1882,Study Notes for Topic 1882
1883,Study Notes for Topic 1883
1884,Study Notes for Topic 1884
1885,Study Notes for Topic 1885
1886,Study Notes for Topic 1886
1887,Study Notes for Topic 1887
1888,Study Notes for Topic 1888
1889,Study Notes for Topic 1889
1890,Study Notes for Topic 1890
1891,Study Notes for Topic 1891
1892,Study Notes for Topic 1892
1893,Study Notes for Topic 1893
1894,Study Notes for Topic 1894
1895,Study Notes for Topic 1895
1896,Study Notes for Topic 1896
1897,Study Notes for Topic 1897
1898,Study Notes for Topic 1898
1899,Study Notes for Topic 1899
1900,Study Notes for Topic 1900
1901,Study Notes for Topic 1901
1902,Study Notes for Topic 1902
1903,Study Notes for Topic 1903
1904,Study Notes for Topic 1904
1905,Study Notes for Topic 1905
1906,Study Notes for Topic 1906
1907,Study Notes for Topic 1907
1908,Study Notes for Topic 1908
1909,Study Notes for Topic 1909
1910,Study Notes for Topic 1910
1911,Study Notes for Topic 1911
1912,Study Notes for Topic 1912
1913,Study Notes for Topic 1913
1914,Study Notes for Topic 1914
1915,Study Notes for Topic 1915
1916,Study Notes for Topic 1916
1917,Study Notes for Topic 1917
1918,Study Notes for Topic 1918
1919,Study Notes for Topic 1919
1920,Study Notes for Topic 1920
1921,Study Notes for Topic 1921
1922,Study Notes for Topic 1922
1923,Study Notes for Topic 1923
1924,Study Notes for Topic 1924
1925,Study Notes for Topic 1925
1926,Study Notes for Topic 1926
1927,Study Notes for Topic 1927
1928,Study Notes for Topic 1928
1929,Study Notes for Topic 1929
1930,Study Notes for Topic 1930
1931,Study Notes for Topic 1931
1932,Study Notes for Topic 1932
1933,Study Notes for Topic 1933
1934,Study Notes for Topic 1934
1935,Study Notes for Topic 1935
1936,Study Notes for Topic 1936
1937,Study Notes for Topic 1937
1938,Study Notes for Topic 1938
1939,Study Notes for Topic 1939
1940,Study Notes for Topic 1940
1941,Study Notes for Topic 1941
1942,Study Notes for Topic 1942
1943,Study Notes for Topic 1943
1944,Study Notes for Topic 1944
1945,Study Notes for Topic 1945
1946,Study Notes for Topic 1946
1947,Study Notes for Topic 1947
1948,Study Notes for Topic 1948
1949,Study Notes for Topic 1949
1950,Study Notes for Topic 1950
1951,Study Notes for Topic 1951
1952,Study Notes for Topic 1952
1953,Study Notes for Topic 1953
1954,Study Notes for Topic 1954
1955,Study Notes for Topic 1955
1956,Study Notes for Topic 1956
1957,Study Notes for Topic 1957
1958,Study Notes for Topic 1958
1959,Study Notes for Topic 1959
1960,Study Notes for Topic 1960
1961,Study Notes for Topic 1961
1962,Study Notes for Topic 1962
1963,Study Notes for Topic 1963
1964,Study Notes for Topic 1964
1965,Study Notes for Topic 1965
1966,Study Notes for Topic 1966
1967,Study Notes for Topic 1967
1968,Study Notes for Topic 1968
1969,Study Notes for Topic 1969
1970,Study Notes for Topic 1970
1971,Study Notes for Topic 1971
1972,Study Notes for Topic 1972
1973,Study Notes for Topic 1973
1974,Study Notes for Topic 1974
1975,Study Notes for Topic 1975
1976,Study Notes for Topic 1976
1977,Study Notes for Topic 1977
1978,Study Notes for Topic 1978
1979,Study Notes for Topic 1979
1980,Study Notes for Topic 1980
1981,Study Notes for Topic 1981
1982,Study Notes for Topic 1982
1983,Study Notes for Topic 1983
1984,Study Notes for Topic 1984
1985,Study Notes for Topic 1985
1986,Study Notes for Topic 1986
1987,Study Notes for Topic 1987
1988,Study Notes for Topic 1988
1989,Study Notes for Topic 1989
1990,Study Notes for Topic 1990
1991,Study Notes for Topic 1991
1992,Study Notes for Topic 1992
1993,Study Notes for Topic 1993
1994,Study Notes for Topic 1994
1995,Study Notes for Topic 1995
1996,Study Notes for Topic 1996
1997,Study Notes for Topic 1997
1998,Study Notes for Topic 1998
1999,Study Notes for Topic 1999
2000,Study Notes for Topic 2000
