topic_id,quiz_title,total_marks
1,Quiz - Topic 1,20
2,Quiz - Topic 2,20
3,Quiz - Topic 3,20
4,Quiz - Topic 4,20
5,Quiz - Topic 5,20
6,Quiz - Topic 6,20
7,Quiz - Topic 7,20
8,Quiz - Topic 8,20
9,Quiz - Topic 9,20
10,Quiz - Topic 10,20
11,Quiz - Topic 11,20
12,Quiz - Topic 12,20
13,Quiz - Topic 13,20
14,Quiz - Topic 14,20
15,Quiz - Topic 15,20
16,Quiz - Topic 16,20
17,Quiz - Topic 17,20
18,Quiz - Topic 18,20
19,Quiz - Topic 19,20
20,Quiz - Topic 20,20
21,Quiz - Topic 21,20
22,Quiz - Topic 22,20
23,Quiz - Topic 23,20
24,Quiz - Topic 24,20
25,Quiz - Topic 25,20
26,Quiz - Topic 26,20
27,Quiz - Topic 27,20
28,Quiz - Topic 28,20
29,Quiz - Topic 29,20
30,Quiz - Topic 30,20
31,Quiz - Topic 31,20
32,Quiz - Topic 32,20
33,Quiz - Topic 33,20
34,Quiz - Topic 34,20
35,Quiz - Topic 35,20
36,Quiz - Topic 36,20
37,Quiz - Topic 37,20
38,Quiz - Topic 38,20
39,Quiz - Topic 39,20
40,Quiz - Topic 40,20
41,Quiz - Topic 41,20
42,Quiz - Topic 42,20
43,Quiz - Topic 43,20
44,Quiz - Topic 44,20
45,Quiz - Topic 45,20
46,Quiz - Topic 46,20
47,Quiz - Topic 47,20
48,Quiz - Topic 48,20
49,Quiz - Topic 49,20
50,Quiz - Topic 50,20
51,Quiz - Topic 51,20
52,Quiz - Topic 52,20
53,Quiz - Topic 53,20
54,Quiz - Topic 54,20
55,Quiz - Topic 55,20
56,Quiz - Topic 56,20
57,Quiz - Topic 57,20
58,Quiz - Topic 58,20
59,Quiz - Topic 59,20
60,Quiz - Topic 60,20
61,Quiz - Topic 61,20
62,Quiz - Topic 62,20
63,Quiz - Topic 63,20
64,Quiz - Topic 64,20
65,Quiz - Topic 65,20
66,Quiz - Topic 66,20
67,Quiz - Topic 67,20
68,Quiz - Topic 68,20
69,Quiz - Topic 69,20
70,Quiz - Topic 70,20
71,Quiz - Topic 71,20
72,Quiz - Topic 72,20
73,Quiz - Topic 73,20
74,Quiz - Topic 74,20
75,Quiz - Topic 75,20
76,Quiz - Topic 76,20
77,Quiz - Topic 77,20
78,Quiz - Topic 78,20
79,Quiz - Topic 79,20
80,Quiz - Topic 80,20
81,Quiz - Topic 81,20
82,Quiz - Topic 82,20
83,Quiz - Topic 83,20
84,Quiz - Topic 84,20
85,Quiz - Topic 85,20
86,Quiz - Topic 86,20
87,Quiz - Topic 87,20
88,Quiz - Topic 88,20
89,Quiz - Topic 89,20
90,Quiz - Topic 90,20
91,Quiz - Topic 91,20
92,Quiz - Topic 92,20
93,Quiz - Topic 93,20
94,Quiz - Topic 94,20
95,Quiz - Topic 95,20
96,Quiz - Topic 96,20
97,Quiz - Topic 97,20
98,Quiz - Topic 98,20
99,Quiz - Topic 99,20
100,Quiz - Topic 100,20
101,Quiz - Topic 101,20
102,Quiz - Topic 102,20
103,Quiz - Topic 103,20
104,Quiz - Topic 104,20
105,Quiz - Topic 105,20
106,Quiz - Topic 106,20
107,Quiz - Topic 107,20
108,Quiz - Topic 108,20
109,Quiz - Topic 109,20
110,Quiz - Topic 110,20
111,Quiz - Topic 111,20
112,Quiz - Topic 112,20
113,Quiz - Topic 113,20
114,Quiz - Topic 114,20
115,Quiz - Topic 115,20
116,Quiz - Topic 116,20
117,Quiz - Topic 117,20
118,Quiz - Topic 118,20
119,Quiz - Topic 119,20
120,Quiz - Topic 120,20
121,Quiz - Topic 121,20
122,Quiz - Topic 122,20
123,Quiz - Topic 123,20
124,Quiz - Topic 124,20
125,Quiz - Topic 125,20
126,Quiz - Topic 126,20
127,Quiz - Topic 127,20
128,Quiz - Topic 128,20
129,Quiz - Topic 129,20
130,Quiz - Topic 130,20
131,Quiz - Topic 131,20
132,Quiz - Topic 132,20
133,Quiz - Topic 133,20
134,Quiz - Topic 134,20
135,Quiz - Topic 135,20
136,Quiz - Topic 136,20
137,Quiz - Topic 137,20
138,Quiz - Topic 138,20
139,Quiz - Topic 139,20
140,Quiz - Topic 140,20
141,Quiz - Topic 141,20
142,Quiz - Topic 142,20
143,Quiz - Topic 143,20
144,Quiz - Topic 144,20
145,Quiz - Topic 145,20
146,Quiz - Topic 146,20
147,Quiz - Topic 147,20
148,Quiz - Topic 148,20
149,Quiz - Topic 149,20
150,Quiz - Topic 150,20
151,Quiz - Topic 151,20
152,Quiz - Topic 152,20
153,Quiz - Topic 153,20
154,Quiz - Topic 154,20
155,Quiz - Topic 155,20
156,Quiz - Topic 156,20
157,Quiz - Topic 157,20
158,Quiz - Topic 158,20
159,Quiz - Topic 159,20
160,Quiz - Topic 160,20
161,Quiz - Topic 161,20
162,Quiz - Topic 162,20
163,Quiz - Topic 163,20
164,Quiz - Topic 164,20
165,Quiz - Topic 165,20
166,Quiz - Topic 166,20
167,Quiz - Topic 167,20
168,Quiz - Topic 168,20
169,Quiz - Topic 169,20
170,Quiz - Topic 170,20
171,Quiz - Topic 171,20
172,Quiz - Topic 172,20
173,Quiz - Topic 173,20
174,Quiz - Topic 174,20
175,Quiz - Topic 175,20
176,Quiz - Topic 176,20
177,Quiz - Topic 177,20
178,Quiz - Topic 178,20
179,Quiz - Topic 179,20
180,Quiz - Topic 180,20
181,Quiz - Topic 181,20
182,Quiz - Topic 182,20
183,Quiz - Topic 183,20
184,Quiz - Topic 184,20
185,Quiz - Topic 185,20
186,Quiz - Topic 186,20
187,Quiz - Topic 187,20
188,Quiz - Topic 188,20
189,Quiz - Topic 189,20
190,Quiz - Topic 190,20
191,Quiz - Topic 191,20
192,Quiz - Topic 192,20
193,Quiz - Topic 193,20
194,Quiz - Topic 194,20
195,Quiz - Topic 195,20
196,Quiz - Topic 196,20
197,Quiz - Topic 197,20
198,Quiz - Topic 198,20
199,Quiz - Topic 199,20
200,Quiz - Topic 200,20
201,Quiz - Topic 201,20
202,Quiz - Topic 202,20
203,Quiz - Topic 203,20
204,Quiz - Topic 204,20
205,Quiz - Topic 205,20
206,Quiz - Topic 206,20
207,Quiz - Topic 207,20
208,Quiz - Topic 208,20
209,Quiz - Topic 209,20
210,Quiz - Topic 210,20
211,Quiz - Topic 211,20
212,Quiz - Topic 212,20
213,Quiz - Topic 213,20
214,Quiz - Topic 214,20
215,Quiz - Topic 215,20
216,Quiz - Topic 216,20
217,Quiz - Topic 217,20
218,Quiz - Topic 218,20
219,Quiz - Topic 219,20
220,Quiz - Topic 220,20
221,Quiz - Topic 221,20
222,Quiz - Topic 222,20
223,Quiz - Topic 223,20
224,Quiz - Topic 224,20
225,Quiz - Topic 225,20
226,Quiz - Topic 226,20
227,Quiz - Topic 227,20
228,Quiz - Topic 228,20
229,Quiz - Topic 229,20
230,Quiz - Topic 230,20
231,Quiz - Topic 231,20
232,Quiz - Topic 232,20
233,Quiz - Topic 233,20
234,Quiz - Topic 234,20
235,Quiz - Topic 235,20
236,Quiz - Topic 236,20
237,Quiz - Topic 237,20
238,Quiz - Topic 238,20
239,Quiz - Topic 239,20
240,Quiz - Topic 240,20
241,Quiz - Topic 241,20
242,Quiz - Topic 242,20
243,Quiz - Topic 243,20
244,Quiz - Topic 244,20
245,Quiz - Topic 245,20
246,Quiz - Topic 246,20
247,Quiz - Topic 247,20
248,Quiz - Topic 248,20
249,Quiz - Topic 249,20
250,Quiz - Topic 250,20
251,Quiz - Topic 251,20
252,Quiz - Topic 252,20
253,Quiz - Topic 253,20
254,Quiz - Topic 254,20
255,Quiz - Topic 255,20
256,Quiz - Topic 256,20
257,Quiz - Topic 257,20
258,Quiz - Topic 258,20
259,Quiz - Topic 259,20
260,Quiz - Topic 260,20
261,Quiz - Topic 261,20
262,Quiz - Topic 262,20
263,Quiz - Topic 263,20
264,Quiz - Topic 264,20
265,Quiz - Topic 265,20
266,Quiz - Topic 266,20
267,Quiz - Topic 267,20
268,Quiz - Topic 268,20
269,Quiz - Topic 269,20
270,Quiz - Topic 270,20
271,Quiz - Topic 271,20
272,Quiz - Topic 272,20
273,Quiz - Topic 273,20
274,Quiz - Topic 274,20
275,Quiz - Topic 275,20
276,Quiz - Topic 276,20
277,Quiz - Topic 277,20
278,Quiz - Topic 278,20
279,Quiz - Topic 279,20
280,Quiz - Topic 280,20
281,Quiz - Topic 281,20
282,Quiz - Topic 282,20
283,Quiz - Topic 283,20
284,Quiz - Topic 284,20
285,Quiz - Topic 285,20
286,Quiz - Topic 286,20
287,Quiz - Topic 287,20
288,Quiz - Topic 288,20
289,Quiz - Topic 289,20
290,Quiz - Topic 290,20
291,Quiz - Topic 291,20
292,Quiz - Topic 292,20
293,Quiz - Topic 293,20
294,Quiz - Topic 294,20
295,Quiz - Topic 295,20
296,Quiz - Topic 296,20
297,Quiz - Topic 297,20
298,Quiz - Topic 298,20
299,Quiz - Topic 299,20
300,Quiz - Topic 300,20
301,Quiz - Topic 301,20
302,Quiz - Topic 302,20
303,Quiz - Topic 303,20
304,Quiz - Topic 304,20
305,Quiz - Topic 305,20
306,Quiz - Topic 306,20
307,Quiz - Topic 307,20
308,Quiz - Topic 308,20
309,Quiz - Topic 309,20
310,Quiz - Topic 310,20
311,Quiz - Topic 311,20
312,Quiz - Topic 312,20
313,Quiz - Topic 313,20
314,Quiz - Topic 314,20
315,Quiz - Topic 315,20
316,Quiz - Topic 316,20
317,Quiz - Topic 317,20
318,Quiz - Topic 318,20
319,Quiz - Topic 319,20
320,Quiz - Topic 320,20
321,Quiz - Topic 321,20
322,Quiz - Topic 322,20
323,Quiz - Topic 323,20
324,Quiz - Topic 324,20
325,Quiz - Topic 325,20
326,Quiz - Topic 326,20
327,Quiz - Topic 327,20
328,Quiz - Topic 328,20
329,Quiz - Topic 329,20
330,Quiz - Topic 330,20
331,Quiz - Topic 331,20
332,Quiz - Topic 332,20
333,Quiz - Topic 333,20
334,Quiz - Topic 334,20
335,Quiz - Topic 335,20
336,Quiz - Topic 336,20
337,Quiz - Topic 337,20
338,Quiz - Topic 338,20
339,Quiz - Topic 339,20
340,Quiz - Topic 340,20
341,Quiz - Topic 341,20
342,Quiz - Topic 342,20
343,Quiz - Topic 343,20
344,Quiz - Topic 344,20
345,Quiz - Topic 345,20
346,Quiz - Topic 346,20
347,Quiz - Topic 347,20
348,Quiz - Topic 348,20
349,Quiz - Topic 349,20
350,Quiz - Topic 350,20
351,Quiz - Topic 351,20
352,Quiz - Topic 352,20
353,Quiz - Topic 353,20
354,Quiz - Topic 354,20
355,Quiz - Topic 355,20
356,Quiz - Topic 356,20
357,Quiz - Topic 357,20
358,Quiz - Topic 358,20
359,Quiz - Topic 359,20
360,Quiz - Topic 360,20
361,Quiz - Topic 361,20
362,Quiz - Topic 362,20
363,Quiz - Topic 363,20
364,Quiz - Topic 364,20
365,Quiz - Topic 365,20
366,Quiz - Topic 366,20
367,Quiz - Topic 367,20
368,Quiz - Topic 368,20
369,Quiz - Topic 369,20
370,Quiz - Topic 370,20
371,Quiz - Topic 371,20
372,Quiz - Topic 372,20
373,Quiz - Topic 373,20
374,Quiz - Topic 374,20
375,Quiz - Topic 375,20
376,Quiz - Topic 376,20
377,Quiz - Topic 377,20
378,Quiz - Topic 378,20
379,Quiz - Topic 379,20
380,Quiz - Topic 380,20
381,Quiz - Topic 381,20
382,Quiz - Topic 382,20
383,Quiz - Topic 383,20
384,Quiz - Topic 384,20
385,Quiz - Topic 385,20
386,Quiz - Topic 386,20
387,Quiz - Topic 387,20
388,Quiz - Topic 388,20
389,Quiz - Topic 389,20
390,Quiz - Topic 390,20
391,Quiz - Topic 391,20
392,Quiz - Topic 392,20
393,Quiz - Topic 393,20
394,Quiz - Topic 394,20
395,Quiz - Topic 395,20
396,Quiz - Topic 396,20
397,Quiz - Topic 397,20
398,Quiz - Topic 398,20
399,Quiz - Topic 399,20
400,Quiz - Topic 400,20
401,Quiz - Topic 401,20
402,Quiz - Topic 402,20
403,Quiz - Topic 403,20
404,Quiz - Topic 404,20
405,Quiz - Topic 405,20
406,Quiz - Topic 406,20
407,Quiz - Topic 407,20
408,Quiz - Topic 408,20
409,Quiz - Topic 409,20
410,Quiz - Topic 410,20
411,Quiz - Topic 411,20
412,Quiz - Topic 412,20
413,Quiz - Topic 413,20
414,Quiz - Topic 414,20
415,Quiz - Topic 415,20
416,Quiz - Topic 416,20
417,Quiz - Topic 417,20
418,Quiz - Topic 418,20
419,Quiz - Topic 419,20
420,Quiz - Topic 420,20
421,Quiz - Topic 421,20
422,Quiz - Topic 422,20
423,Quiz - Topic 423,20
424,Quiz - Topic 424,20
425,Quiz - Topic 425,20
426,Quiz - Topic 426,20
427,Quiz - Topic 427,20
428,Quiz - Topic 428,20
429,Quiz - Topic 429,20
430,Quiz - Topic 430,20
431,Quiz - Topic 431,20
432,Quiz - Topic 432,20
433,Quiz - Topic 433,20
434,Quiz - Topic 434,20
435,Quiz - Topic 435,20
436,Quiz - Topic 436,20
437,Quiz - Topic 437,20
438,Quiz - Topic 438,20
439,Quiz - Topic 439,20
440,Quiz - Topic 440,20
441,Quiz - Topic 441,20
442,Quiz - Topic 442,20
443,Quiz - Topic 443,20
444,Quiz - Topic 444,20
445,Quiz - Topic 445,20
446,Quiz - Topic 446,20
447,Quiz - Topic 447,20
448,Quiz - Topic 448,20
449,Quiz - Topic 449,20
450,Quiz - Topic 450,20
451,Quiz - Topic 451,20
452,Quiz - Topic 452,20
453,Quiz - Topic 453,20
454,Quiz - Topic 454,20
455,Quiz - Topic 455,20
456,Quiz - Topic 456,20
457,Quiz - Topic 457,20
458,Quiz - Topic 458,20
459,Quiz - Topic 459,20
460,Quiz - Topic 460,20
461,Quiz - Topic 461,20
462,Quiz - Topic 462,20
463,Quiz - Topic 463,20
464,Quiz - Topic 464,20
465,Quiz - Topic 465,20
466,Quiz - Topic 466,20
467,Quiz - Topic 467,20
468,Quiz - Topic 468,20
469,Quiz - Topic 469,20
470,Quiz - Topic 470,20
471,Quiz - Topic 471,20
472,Quiz - Topic 472,20
473,Quiz - Topic 473,20
474,Quiz - Topic 474,20
475,Quiz - Topic 475,20
476,Quiz - Topic 476,20
477,Quiz - Topic 477,20
478,Quiz - Topic 478,20
479,Quiz - Topic 479,20
480,Quiz - Topic 480,20
481,Quiz - Topic 481,20
482,Quiz - Topic 482,20
483,Quiz - Topic 483,20
484,Quiz - Topic 484,20
485,Quiz - Topic 485,20
486,Quiz - Topic 486,20
487,Quiz - Topic 487,20
488,Quiz - Topic 488,20
489,Quiz - Topic 489,20
490,Quiz - Topic 490,20
491,Quiz - Topic 491,20
492,Quiz - Topic 492,20
493,Quiz - Topic 493,20
494,Quiz - Topic 494,20
495,Quiz - Topic 495,20
496,Quiz - Topic 496,20
497,Quiz - Topic 497,20
498,Quiz - Topic 498,20
499,Quiz - Topic 499,20
500,Quiz - Topic 500,20
501,Quiz - Topic 501,20
502,Quiz - Topic 502,20
503,Quiz - Topic 503,20
504,Quiz - Topic 504,20
505,Quiz - Topic 505,20
506,Quiz - Topic 506,20
507,Quiz - Topic 507,20
508,Quiz - Topic 508,20
509,Quiz - Topic 509,20
510,Quiz - Topic 510,20
511,Quiz - Topic 511,20
512,Quiz - Topic 512,20
513,Quiz - Topic 513,20
514,Quiz - Topic 514,20
515,Quiz - Topic 515,20
516,Quiz - Topic 516,20
517,Quiz - Topic 517,20
518,Quiz - Topic 518,20
519,Quiz - Topic 519,20
520,Quiz - Topic 520,20
521,Quiz - Topic 521,20
522,Quiz - Topic 522,20
523,Quiz - Topic 523,20
524,Quiz - Topic 524,20
525,Quiz - Topic 525,20
526,Quiz - Topic 526,20
527,Quiz - Topic 527,20
528,Quiz - Topic 528,20
529,Quiz - Topic 529,20
530,Quiz - Topic 530,20
531,Quiz - Topic 531,20
532,Quiz - Topic 532,20
533,Quiz - Topic 533,20
534,Quiz - Topic 534,20
535,Quiz - Topic 535,20
536,Quiz - Topic 536,20
537,Quiz - Topic 537,20
538,Quiz - Topic 538,20
539,Quiz - Topic 539,20
540,Quiz - Topic 540,20
541,Quiz - Topic 541,20
542,Quiz - Topic 542,20
543,Quiz - Topic 543,20
544,Quiz - Topic 544,20
545,Quiz - Topic 545,20
546,Quiz - Topic 546,20
547,Quiz - Topic 547,20
548,Quiz - Topic 548,20
549,Quiz - Topic 549,20
550,Quiz - Topic 550,20
551,Quiz - Topic 551,20
552,Quiz - Topic 552,20
553,Quiz - Topic 553,20
554,Quiz - Topic 554,20
555,Quiz - Topic 555,20
556,Quiz - Topic 556,20
557,Quiz - Topic 557,20
558,Quiz - Topic 558,20
559,Quiz - Topic 559,20
560,Quiz - Topic 560,20
561,Quiz - Topic 561,20
562,Quiz - Topic 562,20
563,Quiz - Topic 563,20
564,Quiz - Topic 564,20
565,Quiz - Topic 565,20
566,Quiz - Topic 566,20
567,Quiz - Topic 567,20
568,Quiz - Topic 568,20
569,Quiz - Topic 569,20
570,Quiz - Topic 570,20
571,Quiz - Topic 571,20
572,Quiz - Topic 572,20
573,Quiz - Topic 573,20
574,Quiz - Topic 574,20
575,Quiz - Topic 575,20
576,Quiz - Topic 576,20
577,Quiz - Topic 577,20
578,Quiz - Topic 578,20
579,Quiz - Topic 579,20
580,Quiz - Topic 580,20
581,Quiz - Topic 581,20
582,Quiz - Topic 582,20
583,Quiz - Topic 583,20
584,Quiz - Topic 584,20
585,Quiz - Topic 585,20
586,Quiz - Topic 586,20
587,Quiz - Topic 587,20
588,Quiz - Topic 588,20
589,Quiz - Topic 589,20
590,Quiz - Topic 590,20
591,Quiz - Topic 591,20
592,Quiz - Topic 592,20
593,Quiz - Topic 593,20
594,Quiz - Topic 594,20
595,Quiz - Topic 595,20
596,Quiz - Topic 596,20
597,Quiz - Topic 597,20
598,Quiz - Topic 598,20
599,Quiz - Topic 599,20
600,Quiz - Topic 600,20
601,Quiz - Topic 601,20
602,Quiz - Topic 602,20
603,Quiz - Topic 603,20
604,Quiz - Topic 604,20
605,Quiz - Topic 605,20
606,Quiz - Topic 606,20
607,Quiz - Topic 607,20
608,Quiz - Topic 608,20
609,Quiz - Topic 609,20
610,Quiz - Topic 610,20
611,Quiz - Topic 611,20
612,Quiz - Topic 612,20
613,Quiz - Topic 613,20
614,Quiz - Topic 614,20
615,Quiz - Topic 615,20
616,Quiz - Topic 616,20
617,Quiz - Topic 617,20
618,Quiz - Topic 618,20
619,Quiz - Topic 619,20
620,Quiz - Topic 620,20
621,Quiz - Topic 621,20
622,Quiz - Topic 622,20
623,Quiz - Topic 623,20
624,Quiz - Topic 624,20
625,Quiz - Topic 625,20
626,Quiz - Topic 626,20
627,Quiz - Topic 627,20
628,Quiz - Topic 628,20
629,Quiz - Topic 629,20
630,Quiz - Topic 630,20
631,Quiz - Topic 631,20
632,Quiz - Topic 632,20
633,Quiz - Topic 633,20
634,Quiz - Topic 634,20
635,Quiz - Topic 635,20
636,Quiz - Topic 636,20
637,Quiz - Topic 637,20
638,Quiz - Topic 638,20
639,Quiz - Topic 639,20
640,Quiz - Topic 640,20
641,Quiz - Topic 641,20
642,Quiz - Topic 642,20
643,Quiz - Topic 643,20
644,Quiz - Topic 644,20
645,Quiz - Topic 645,20
646,Quiz - Topic 646,20
647,Quiz - Topic 647,20
648,Quiz - Topic 648,20
649,Quiz - Topic 649,20
650,Quiz - Topic 650,20
651,Quiz - Topic 651,20
652,Quiz - Topic 652,20
653,Quiz - Topic 653,20
654,Quiz - Topic 654,20
655,Quiz - Topic 655,20
656,Quiz - Topic 656,20
657,Quiz - Topic 657,20
658,Quiz - Topic 658,20
659,Quiz - Topic 659,20
660,Quiz - Topic 660,20
661,Quiz - Topic 661,20
662,Quiz - Topic 662,20
663,Quiz - Topic 663,20
664,Quiz - Topic 664,20
665,Quiz - Topic 665,20
666,Quiz - Topic 666,20
667,Quiz - Topic 667,20
668,Quiz - Topic 668,20
669,Quiz - Topic 669,20
670,Quiz - Topic 670,20
671,Quiz - Topic 671,20
672,Quiz - Topic 672,20
673,Quiz - Topic 673,20
674,Quiz - Topic 674,20
675,Quiz - Topic 675,20
676,Quiz - Topic 676,20
677,Quiz - Topic 677,20
678,Quiz - Topic 678,20
679,Quiz - Topic 679,20
680,Quiz - Topic 680,20
681,Quiz - Topic 681,20
682,Quiz - Topic 682,20
683,Quiz - Topic 683,20
684,Quiz - Topic 684,20
685,Quiz - Topic 685,20
686,Quiz - Topic 686,20
687,Quiz - Topic 687,20
688,Quiz - Topic 688,20
689,Quiz - Topic 689,20
690,Quiz - Topic 690,20
691,Quiz - Topic 691,20
692,Quiz - Topic 692,20
693,Quiz - Topic 693,20
694,Quiz - Topic 694,20
695,Quiz - Topic 695,20
696,Quiz - Topic 696,20
697,Quiz - Topic 697,20
698,Quiz - Topic 698,20
699,Quiz - Topic 699,20
700,Quiz - Topic 700,20
701,Quiz - Topic 701,20
702,Quiz - Topic 702,20
703,Quiz - Topic 703,20
704,Quiz - Topic 704,20
705,Quiz - Topic 705,20
706,Quiz - Topic 706,20
707,Quiz - Topic 707,20
708,Quiz - Topic 708,20
709,Quiz - Topic 709,20
710,Quiz - Topic 710,20
711,Quiz - Topic 711,20
712,Quiz - Topic 712,20
713,Quiz - Topic 713,20
714,Quiz - Topic 714,20
715,Quiz - Topic 715,20
716,Quiz - Topic 716,20
717,Quiz - Topic 717,20
718,Quiz - Topic 718,20
719,Quiz - Topic 719,20
720,Quiz - Topic 720,20
721,Quiz - Topic 721,20
722,Quiz - Topic 722,20
723,Quiz - Topic 723,20
724,Quiz - Topic 724,20
725,Quiz - Topic 725,20
726,Quiz - Topic 726,20
727,Quiz - Topic 727,20
728,Quiz - Topic 728,20
729,Quiz - Topic 729,20
730,Quiz - Topic 730,20
731,Quiz - Topic 731,20
732,Quiz - Topic 732,20
733,Quiz - Topic 733,20
734,Quiz - Topic 734,20
735,Quiz - Topic 735,20
736,Quiz - Topic 736,20
737,Quiz - Topic 737,20
738,Quiz - Topic 738,20
739,Quiz - Topic 739,20
740,Quiz - Topic 740,20
741,Quiz - Topic 741,20
742,Quiz - Topic 742,20
743,Quiz - Topic 743,20
744,Quiz - Topic 744,20
745,Quiz - Topic 745,20
746,Quiz - Topic 746,20
747,Quiz - Topic 747,20
748,Quiz - Topic 748,20
749,Quiz - Topic 749,20
750,Quiz - Topic 750,20
751,Quiz - Topic 751,20
752,Quiz - Topic 752,20
753,Quiz - Topic 753,20
754,Quiz - Topic 754,20
755,Quiz - Topic 755,20
756,Quiz - Topic 756,20
757,Quiz - Topic 757,20
758,Quiz - Topic 758,20
759,Quiz - Topic 759,20
760,Quiz - Topic 760,20
761,Quiz - Topic 761,20
762,Quiz - Topic 762,20
763,Quiz - Topic 763,20
764,Quiz - Topic 764,20
765,Quiz - Topic 765,20
766,Quiz - Topic 766,20
767,Quiz - Topic 767,20
768,Quiz - Topic 768,20
769,Quiz - Topic 769,20
770,Quiz - Topic 770,20
771,Quiz - Topic 771,20
772,Quiz - Topic 772,20
773,Quiz - Topic 773,20
774,Quiz - Topic 774,20
775,Quiz - Topic 775,20
776,Quiz - Topic 776,20
777,Quiz - Topic 777,20
778,Quiz - Topic 778,20
779,Quiz - Topic 779,20
780,Quiz - Topic 780,20
781,Quiz - Topic 781,20
782,Quiz - Topic 782,20
783,Quiz - Topic 783,20
784,Quiz - Topic 784,20
785,Quiz - Topic 785,20
786,Quiz - Topic 786,20
787,Quiz - Topic 787,20
788,Quiz - Topic 788,20
789,Quiz - Topic 789,20
790,Quiz - Topic 790,20
791,Quiz - Topic 791,20
792,Quiz - Topic 792,20
793,Quiz - Topic 793,20
794,Quiz - Topic 794,20
795,Quiz - Topic 795,20
796,Quiz - Topic 796,20
797,Quiz - Topic 797,20
798,Quiz - Topic 798,20
799,Quiz - Topic 799,20
800,Quiz - Topic 800,20
801,Quiz - Topic 801,20
802,Quiz - Topic 802,20
803,Quiz - Topic 803,20
804,Quiz - Topic 804,20
805,Quiz - Topic 805,20
806,Quiz - Topic 806,20
807,Quiz - Topic 807,20
808,Quiz - Topic 808,20
809,Quiz - Topic 809,20
810,Quiz - Topic 810,20
811,Quiz - Topic 811,20
812,Quiz - Topic 812,20
813,Quiz - Topic 813,20
814,Quiz - Topic 814,20
815,Quiz - Topic 815,20
816,Quiz - Topic 816,20
817,Quiz - Topic 817,20
818,Quiz - Topic 818,20
819,Quiz - Topic 819,20
820,Quiz - Topic 820,20
821,Quiz - Topic 821,20
822,Quiz - Topic 822,20
823,Quiz - Topic 823,20
824,Quiz - Topic 824,20
825,Quiz - Topic 825,20
826,Quiz - Topic 826,20
827,Quiz - Topic 827,20
828,Quiz - Topic 828,20
829,Quiz - Topic 829,20
830,Quiz - Topic 830,20
831,Quiz - Topic 831,20
832,Quiz - Topic 832,20
833,Quiz - Topic 833,20
834,Quiz - Topic 834,20
835,Quiz - Topic 835,20
836,Quiz - Topic 836,20
837,Quiz - Topic 837,20
838,Quiz - Topic 838,20
839,Quiz - Topic 839,20
840,Quiz - Topic 840,20
841,Quiz - Topic 841,20
842,Quiz - Topic 842,20
843,Quiz - Topic 843,20
844,Quiz - Topic 844,20
845,Quiz - Topic 845,20
846,Quiz - Topic 846,20
847,Quiz - Topic 847,20
848,Quiz - Topic 848,20
849,Quiz - Topic 849,20
850,Quiz - Topic 850,20
851,Quiz - Topic 851,20
852,Quiz - Topic 852,20
853,Quiz - Topic 853,20
854,Quiz - Topic 854,20
855,Quiz - Topic 855,20
856,Quiz - Topic 856,20
857,Quiz - Topic 857,20
858,Quiz - Topic 858,20
859,Quiz - Topic 859,20
860,Quiz - Topic 860,20
861,Quiz - Topic 861,20
862,Quiz - Topic 862,20
863,Quiz - Topic 863,20
864,Quiz - Topic 864,20
865,Quiz - Topic 865,20
866,Quiz - Topic 866,20
867,Quiz - Topic 867,20
868,Quiz - Topic 868,20
869,Quiz - Topic 869,20
870,Quiz - Topic 870,20
871,Quiz - Topic 871,20
872,Quiz - Topic 872,20
873,Quiz - Topic 873,20
874,Quiz - Topic 874,20
875,Quiz - Topic 875,20
876,Quiz - Topic 876,20
877,Quiz - Topic 877,20
878,Quiz - Topic 878,20
879,Quiz - Topic 879,20
880,Quiz - Topic 880,20
881,Quiz - Topic 881,20
882,Quiz - Topic 882,20
883,Quiz - Topic 883,20
884,Quiz - Topic 884,20
885,Quiz - Topic 885,20
886,Quiz - Topic 886,20
887,Quiz - Topic 887,20
888,Quiz - Topic 888,20
889,Quiz - Topic 889,20
890,Quiz - Topic 890,20
891,Quiz - Topic 891,20
892,Quiz - Topic 892,20
893,Quiz - Topic 893,20
894,Quiz - Topic 894,20
895,Quiz - Topic 895,20
896,Quiz - Topic 896,20
897,Quiz - Topic 897,20
898,Quiz - Topic 898,20
899,Quiz - Topic 899,20
900,Quiz - Topic 900,20
901,Quiz - Topic 901,20
902,Quiz - Topic 902,20
903,Quiz - Topic 903,20
904,Quiz - Topic 904,20
905,Quiz - Topic 905,20
906,Quiz - Topic 906,20
907,Quiz - Topic 907,20
908,Quiz - Topic 908,20
909,Quiz - Topic 909,20
910,Quiz - Topic 910,20
911,Quiz - Topic 911,20
912,Quiz - Topic 912,20
913,Quiz - Topic 913,20
914,Quiz - Topic 914,20
915,Quiz - Topic 915,20
916,Quiz - Topic 916,20
917,Quiz - Topic 917,20
918,Quiz - Topic 918,20
919,Quiz - Topic 919,20
920,Quiz - Topic 920,20
921,Quiz - Topic 921,20
922,Quiz - Topic 922,20
923,Quiz - Topic 923,20
924,Quiz - Topic 924,20
925,Quiz - Topic 925,20
926,Quiz - Topic 926,20
927,Quiz - Topic 927,20
928,Quiz - Topic 928,20
929,Quiz - Topic 929,20
930,Quiz - Topic 930,20
931,Quiz - Topic 931,20
932,Quiz - Topic 932,20
933,Quiz - Topic 933,20
934,Quiz - Topic 934,20
935,Quiz - Topic 935,20
936,Quiz - Topic 936,20
937,Quiz - Topic 937,20
938,Quiz - Topic 938,20
939,Quiz - Topic 939,20
940,Quiz - Topic 940,20
941,Quiz - Topic 941,20
942,Quiz - Topic 942,20
943,Quiz - Topic 943,20
944,Quiz - Topic 944,20
945,Quiz - Topic 945,20
946,Quiz - Topic 946,20
947,Quiz - Topic 947,20
948,Quiz - Topic 948,20
949,Quiz - Topic 949,20
950,Quiz - Topic 950,20
951,Quiz - Topic 951,20
952,Quiz - Topic 952,20
953,Quiz - Topic 953,20
954,Quiz - Topic 954,20
955,Quiz - Topic 955,20
956,Quiz - Topic 956,20
957,Quiz - Topic 957,20
958,Quiz - Topic 958,20
959,Quiz - Topic 959,20
960,Quiz - Topic 960,20
961,Quiz - Topic 961,20
962,Quiz - Topic 962,20
963,Quiz - Topic 963,20
964,Quiz - Topic 964,20
965,Quiz - Topic 965,20
966,Quiz - Topic 966,20
967,Quiz - Topic 967,20
968,Quiz - Topic 968,20
969,Quiz - Topic 969,20
970,Quiz - Topic 970,20
971,Quiz - Topic 971,20
972,Quiz - Topic 972,20
973,Quiz - Topic 973,20
974,Quiz - Topic 974,20
975,Quiz - Topic 975,20
976,Quiz - Topic 976,20
977,Quiz - Topic 977,20
978,Quiz - Topic 978,20
979,Quiz - Topic 979,20
980,Quiz - Topic 980,20
981,Quiz - Topic 981,20
982,Quiz - Topic 982,20
983,Quiz - Topic 983,20
984,Quiz - Topic 984,20
985,Quiz - Topic 985,20
986,Quiz - Topic 986,20
987,Quiz - Topic 987,20
988,Quiz - Topic 988,20
989,Quiz - Topic 989,20
990,Quiz - Topic 990,20
991,Quiz - Topic 991,20
992,Quiz - Topic 992,20
993,Quiz - Topic 993,20
994,Quiz - Topic 994,20
995,Quiz - Topic 995,20
996,Quiz - Topic 996,20
997,Quiz - Topic 997,20
998,Quiz - Topic 998,20
999,Quiz - Topic 999,20
1000,Quiz - Topic 1000,20
1001,Quiz - Topic 1001,20
1002,Quiz - Topic 1002,20
1003,Quiz - Topic 1003,20
1004,Quiz - Topic 1004,20
1005,Quiz - Topic 1005,20
1006,Quiz - Topic 1006,20
1007,Quiz - Topic 1007,20
1008,Quiz - Topic 1008,20
1009,Quiz - Topic 1009,20
1010,Quiz - Topic 1010,20
1011,Quiz - Topic 1011,20
1012,Quiz - Topic 1012,20
1013,Quiz - Topic 1013,20
1014,Quiz - Topic 1014,20
1015,Quiz - Topic 1015,20
1016,Quiz - Topic 1016,20
1017,Quiz - Topic 1017,20
1018,Quiz - Topic 1018,20
1019,Quiz - Topic 1019,20
1020,Quiz - Topic 1020,20
1021,Quiz - Topic 1021,20
1022,Quiz - Topic 1022,20
1023,Quiz - Topic 1023,20
1024,Quiz - Topic 1024,20
1025,Quiz - Topic 1025,20
1026,Quiz - Topic 1026,20
1027,Quiz - Topic 1027,20
1028,Quiz - Topic 1028,20
1029,Quiz - Topic 1029,20
1030,Quiz - Topic 1030,20
1031,Quiz - Topic 1031,20
1032,Quiz - Topic 1032,20
1033,Quiz - Topic 1033,20
1034,Quiz - Topic 1034,20
1035,Quiz - Topic 1035,20
1036,Quiz - Topic 1036,20
1037,Quiz - Topic 1037,20
1038,Quiz - Topic 1038,20
1039,Quiz - Topic 1039,20
1040,Quiz - Topic 1040,20
1041,Quiz - Topic 1041,20
1042,Quiz - Topic 1042,20
1043,Quiz - Topic 1043,20
1044,Quiz - Topic 1044,20
1045,Quiz - Topic 1045,20
1046,Quiz - Topic 1046,20
1047,Quiz - Topic 1047,20
1048,Quiz - Topic 1048,20
1049,Quiz - Topic 1049,20
1050,Quiz - Topic 1050,20
1051,Quiz - Topic 1051,20
1052,Quiz - Topic 1052,20
1053,Quiz - Topic 1053,20
1054,Quiz - Topic 1054,20
1055,Quiz - Topic 1055,20
1056,Quiz - Topic 1056,20
1057,Quiz - Topic 1057,20
1058,Quiz - Topic 1058,20
1059,Quiz - Topic 1059,20
1060,Quiz - Topic 1060,20
1061,Quiz - Topic 1061,20
1062,Quiz - Topic 1062,20
1063,Quiz - Topic 1063,20
1064,Quiz - Topic 1064,20
1065,Quiz - Topic 1065,20
1066,Quiz - Topic 1066,20
1067,Quiz - Topic 1067,20
1068,Quiz - Topic 1068,20
1069,Quiz - Topic 1069,20
1070,Quiz - Topic 1070,20
1071,Quiz - Topic 1071,20
1072,Quiz - Topic 1072,20
1073,Quiz - Topic 1073,20
1074,Quiz - Topic 1074,20
1075,Quiz - Topic 1075,20
1076,Quiz - Topic 1076,20
1077,Quiz - Topic 1077,20
1078,Quiz - Topic 1078,20
1079,Quiz - Topic 1079,20
1080,Quiz - Topic 1080,20
1081,Quiz - Topic 1081,20
1082,Quiz - Topic 1082,20
1083,Quiz - Topic 1083,20
1084,Quiz - Topic 1084,20
1085,Quiz - Topic 1085,20
1086,Quiz - Topic 1086,20
1087,Quiz - Topic 1087,20
1088,Quiz - Topic 1088,20
1089,Quiz - Topic 1089,20
1090,Quiz - Topic 1090,20
1091,Quiz - Topic 1091,20
1092,Quiz - Topic 1092,20
1093,Quiz - Topic 1093,20
1094,Quiz - Topic 1094,20
1095,Quiz - Topic 1095,20
1096,Quiz - Topic 1096,20
1097,Quiz - Topic 1097,20
1098,Quiz - Topic 1098,20
1099,Quiz - Topic 1099,20
1100,Quiz - Topic 1100,20
1101,Quiz - Topic 1101,20
1102,Quiz - Topic 1102,20
1103,Quiz - Topic 1103,20
1104,Quiz - Topic 1104,20
1105,Quiz - Topic 1105,20
1106,Quiz - Topic 1106,20
1107,Quiz - Topic 1107,20
1108,Quiz - Topic 1108,20
1109,Quiz - Topic 1109,20
1110,Quiz - Topic 1110,20
1111,Quiz - Topic 1111,20
1112,Quiz - Topic 1112,20
1113,Quiz - Topic 1113,20
1114,Quiz - Topic 1114,20
1115,Quiz - Topic 1115,20
1116,Quiz - Topic 1116,20
1117,Quiz - Topic 1117,20
1118,Quiz - Topic 1118,20
1119,Quiz - Topic 1119,20
1120,Quiz - Topic 1120,20
1121,Quiz - Topic 1121,20
1122,Quiz - Topic 1122,20
1123,Quiz - Topic 1123,20
1124,Quiz - Topic 1124,20
1125,Quiz - Topic 1125,20
1126,Quiz - Topic 1126,20
1127,Quiz - Topic 1127,20
1128,Quiz - Topic 1128,20
1129,Quiz - Topic 1129,20
1130,Quiz - Topic 1130,20
1131,Quiz - Topic 1131,20
1132,Quiz - Topic 1132,20
1133,Quiz - Topic 1133,20
1134,Quiz - Topic 1134,20
1135,Quiz - Topic 1135,20
1136,Quiz - Topic 1136,20
1137,Quiz - Topic 1137,20
1138,Quiz - Topic 1138,20
1139,Quiz - Topic 1139,20
1140,Quiz - Topic 1140,20
1141,Quiz - Topic 1141,20
1142,Quiz - Topic 1142,20
1143,Quiz - Topic 1143,20
1144,Quiz - Topic 1144,20
1145,Quiz - Topic 1145,20
1146,Quiz - Topic 1146,20
1147,Quiz - Topic 1147,20
1148,Quiz - Topic 1148,20
1149,Quiz - Topic 1149,20
1150,Quiz - Topic 1150,20
1151,Quiz - Topic 1151,20
1152,Quiz - Topic 1152,20
1153,Quiz - Topic 1153,20
1154,Quiz - Topic 1154,20
1155,Quiz - Topic 1155,20
1156,Quiz - Topic 1156,20
1157,Quiz - Topic 1157,20
1158,Quiz - Topic 1158,20
1159,Quiz - Topic 1159,20
1160,Quiz - Topic 1160,20
1161,Quiz - Topic 1161,20
1162,Quiz - Topic 1162,20
1163,Quiz - Topic 1163,20
1164,Quiz - Topic 1164,20
1165,Quiz - Topic 1165,20
1166,Quiz - Topic 1166,20
1167,Quiz - Topic 1167,20
1168,Quiz - Topic 1168,20
1169,Quiz - Topic 1169,20
1170,Quiz - Topic 1170,20
1171,Quiz - Topic 1171,20
1172,Quiz - Topic 1172,20
1173,Quiz - Topic 1173,20
1174,Quiz - Topic 1174,20
1175,Quiz - Topic 1175,20
1176,Quiz - Topic 1176,20
1177,Quiz - Topic 1177,20
1178,Quiz - Topic 1178,20
1179,Quiz - Topic 1179,20
1180,Quiz - Topic 1180,20
1181,Quiz - Topic 1181,20
1182,Quiz - Topic 1182,20
1183,Quiz - Topic 1183,20
1184,Quiz - Topic 1184,20
1185,Quiz - Topic 1185,20
1186,Quiz - Topic 1186,20
1187,Quiz - Topic 1187,20
1188,Quiz - Topic 1188,20
1189,Quiz - Topic 1189,20
1190,Quiz - Topic 1190,20
1191,Quiz - Topic 1191,20
1192,Quiz - Topic 1192,20
1193,Quiz - Topic 1193,20
1194,Quiz - Topic 1194,20
1195,Quiz - Topic 1195,20
1196,Quiz - Topic 1196,20
1197,Quiz - Topic 1197,20
1198,Quiz - Topic 1198,20
1199,Quiz - Topic 1199,20
1200,Quiz - Topic 1200,20
1201,Quiz - Topic 1201,20
1202,Quiz - Topic 1202,20
1203,Quiz - Topic 1203,20
1204,Quiz - Topic 1204,20
1205,Quiz - Topic 1205,20
1206,Quiz - Topic 1206,20
1207,Quiz - Topic 1207,20
1208,Quiz - Topic 1208,20
1209,Quiz - Topic 1209,20
1210,Quiz - Topic 1210,20
1211,Quiz - Topic 1211,20
1212,Quiz - Topic 1212,20
1213,Quiz - Topic 1213,20
1214,Quiz - Topic 1214,20
1215,Quiz - Topic 1215,20
1216,Quiz - Topic 1216,20
1217,Quiz - Topic 1217,20
1218,Quiz - Topic 1218,20
1219,Quiz - Topic 1219,20
1220,Quiz - Topic 1220,20
1221,Quiz - Topic 1221,20
1222,Quiz - Topic 1222,20
1223,Quiz - Topic 1223,20
1224,Quiz - Topic 1224,20
1225,Quiz - Topic 1225,20
1226,Quiz - Topic 1226,20
1227,Quiz - Topic 1227,20
1228,Quiz - Topic 1228,20
1229,Quiz - Topic 1229,20
1230,Quiz - Topic 1230,20
1231,Quiz - Topic 1231,20
1232,Quiz - Topic 1232,20
1233,Quiz - Topic 1233,20
1234,Quiz - Topic 1234,20
1235,Quiz - Topic 1235,20
1236,Quiz - Topic 1236,20
1237,Quiz - Topic 1237,20
1238,Quiz - Topic 1238,20
1239,Quiz - Topic 1239,20
1240,Quiz - Topic 1240,20
1241,Quiz - Topic 1241,20
1242,Quiz - Topic 1242,20
1243,Quiz - Topic 1243,20
1244,Quiz - Topic 1244,20
1245,Quiz - Topic 1245,20
1246,Quiz - Topic 1246,20
1247,Quiz - Topic 1247,20
1248,Quiz - Topic 1248,20
1249,Quiz - Topic 1249,20
1250,Quiz - Topic 1250,20
1251,Quiz - Topic 1251,20
1252,Quiz - Topic 1252,20
1253,Quiz - Topic 1253,20
1254,Quiz - Topic 1254,20
1255,Quiz - Topic 1255,20
1256,Quiz - Topic 1256,20
1257,Quiz - Topic 1257,20
1258,Quiz - Topic 1258,20
1259,Quiz - Topic 1259,20
1260,Quiz - Topic 1260,20
1261,Quiz - Topic 1261,20
1262,Quiz - Topic 1262,20
1263,Quiz - Topic 1263,20
1264,Quiz - Topic 1264,20
1265,Quiz - Topic 1265,20
1266,Quiz - Topic 1266,20
1267,Quiz - Topic 1267,20
1268,Quiz - Topic 1268,20
1269,Quiz - Topic 1269,20
1270,Quiz - Topic 1270,20
1271,Quiz - Topic 1271,20
1272,Quiz - Topic 1272,20
1273,Quiz - Topic 1273,20
1274,Quiz - Topic 1274,20
1275,Quiz - Topic 1275,20
1276,Quiz - Topic 1276,20
1277,Quiz - Topic 1277,20
1278,Quiz - Topic 1278,20
1279,Quiz - Topic 1279,20
1280,Quiz - Topic 1280,20
1281,Quiz - Topic 1281,20
1282,Quiz - Topic 1282,20
1283,Quiz - Topic 1283,20
1284,Quiz - Topic 1284,20
1285,Quiz - Topic 1285,20
1286,Quiz - Topic 1286,20
1287,Quiz - Topic 1287,20
1288,Quiz - Topic 1288,20
1289,Quiz - Topic 1289,20
1290,Quiz - Topic 1290,20
1291,Quiz - Topic 1291,20
1292,Quiz - Topic 1292,20
1293,Quiz - Topic 1293,20
1294,Quiz - Topic 1294,20
1295,Quiz - Topic 1295,20
1296,Quiz - Topic 1296,20
1297,Quiz - Topic 1297,20
1298,Quiz - Topic 1298,20
1299,Quiz - Topic 1299,20
1300,Quiz - Topic 1300,20
1301,Quiz - Topic 1301,20
1302,Quiz - Topic 1302,20
1303,Quiz - Topic 1303,20
1304,Quiz - Topic 1304,20
1305,Quiz - Topic 1305,20
1306,Quiz - Topic 1306,20
1307,Quiz - Topic 1307,20
1308,Quiz - Topic 1308,20
1309,Quiz - Topic 1309,20
1310,Quiz - Topic 1310,20
1311,Quiz - Topic 1311,20
1312,Quiz - Topic 1312,20
1313,Quiz - Topic 1313,20
1314,Quiz - Topic 1314,20
1315,Quiz - Topic 1315,20
1316,Quiz - Topic 1316,20
1317,Quiz - Topic 1317,20
1318,Quiz - Topic 1318,20
1319,Quiz - Topic 1319,20
1320,Quiz - Topic 1320,20
1321,Quiz - Topic 1321,20
1322,Quiz - Topic 1322,20
1323,Quiz - Topic 1323,20
1324,Quiz - Topic 1324,20
1325,Quiz - Topic 1325,20
1326,Quiz - Topic 1326,20
1327,Quiz - Topic 1327,20
1328,Quiz - Topic 1328,20
1329,Quiz - Topic 1329,20
1330,Quiz - Topic 1330,20
1331,Quiz - Topic 1331,20
1332,Quiz - Topic 1332,20
1333,Quiz - Topic 1333,20
1334,Quiz - Topic 1334,20
1335,Quiz - Topic 1335,20
1336,Quiz - Topic 1336,20
1337,Quiz - Topic 1337,20
1338,Quiz - Topic 1338,20
1339,Quiz - Topic 1339,20
1340,Quiz - Topic 1340,20
1341,Quiz - Topic 1341,20
1342,Quiz - Topic 1342,20
1343,Quiz - Topic 1343,20
1344,Quiz - Topic 1344,20
1345,Quiz - Topic 1345,20
1346,Quiz - Topic 1346,20
1347,Quiz - Topic 1347,20
1348,Quiz - Topic 1348,20
1349,Quiz - Topic 1349,20
1350,Quiz - Topic 1350,20
1351,Quiz - Topic 1351,20
1352,Quiz - Topic 1352,20
1353,Quiz - Topic 1353,20
1354,Quiz - Topic 1354,20
1355,Quiz - Topic 1355,20
1356,Quiz - Topic 1356,20
1357,Quiz - Topic 1357,20
1358,Quiz - Topic 1358,20
1359,Quiz - Topic 1359,20
1360,Quiz - Topic 1360,20
1361,Quiz - Topic 1361,20
1362,Quiz - Topic 1362,20
1363,Quiz - Topic 1363,20
1364,Quiz - Topic 1364,20
1365,Quiz - Topic 1365,20
1366,Quiz - Topic 1366,20
1367,Quiz - Topic 1367,20
1368,Quiz - Topic 1368,20
1369,Quiz - Topic 1369,20
1370,Quiz - Topic 1370,20
1371,Quiz - Topic 1371,20
1372,Quiz - Topic 1372,20
1373,Quiz - Topic 1373,20
1374,Quiz - Topic 1374,20
1375,Quiz - Topic 1375,20
1376,Quiz - Topic 1376,20
1377,Quiz - Topic 1377,20
1378,Quiz - Topic 1378,20
1379,Quiz - Topic 1379,20
1380,Quiz - Topic 1380,20
1381,Quiz - Topic 1381,20
1382,Quiz - Topic 1382,20
1383,Quiz - Topic 1383,20
1384,Quiz - Topic 1384,20
1385,Quiz - Topic 1385,20
1386,Quiz - Topic 1386,20
1387,Quiz - Topic 1387,20
1388,Quiz - Topic 1388,20
1389,Quiz - Topic 1389,20
1390,Quiz - Topic 1390,20
1391,Quiz - Topic 1391,20
1392,Quiz - Topic 1392,20
1393,Quiz - Topic 1393,20
1394,Quiz - Topic 1394,20
1395,Quiz - Topic 1395,20
1396,Quiz - Topic 1396,20
1397,Quiz - Topic 1397,20
1398,Quiz - Topic 1398,20
1399,Quiz - Topic 1399,20
1400,Quiz - Topic 1400,20
1401,Quiz - Topic 1401,20
1402,Quiz - Topic 1402,20
1403,Quiz - Topic 1403,20
1404,Quiz - Topic 1404,20
1405,Quiz - Topic 1405,20
1406,Quiz - Topic 1406,20
1407,Quiz - Topic 1407,20
1408,Quiz - Topic 1408,20
1409,Quiz - Topic 1409,20
1410,Quiz - Topic 1410,20
1411,Quiz - Topic 1411,20
1412,Quiz - Topic 1412,20
1413,Quiz - Topic 1413,20
1414,Quiz - Topic 1414,20
1415,Quiz - Topic 1415,20
1416,Quiz - Topic 1416,20
1417,Quiz - Topic 1417,20
1418,Quiz - Topic 1418,20
1419,Quiz - Topic 1419,20
1420,Quiz - Topic 1420,20
1421,Quiz - Topic 1421,20
1422,Quiz - Topic 1422,20
1423,Quiz - Topic 1423,20
1424,Quiz - Topic 1424,20
1425,Quiz - Topic 1425,20
1426,Quiz - Topic 1426,20
1427,Quiz - Topic 1427,20
1428,Quiz - Topic 1428,20
1429,Quiz - Topic 1429,20
1430,Quiz - Topic 1430,20
1431,Quiz - Topic 1431,20
1432,Quiz - Topic 1432,20
1433,Quiz - Topic 1433,20
1434,Quiz - Topic 1434,20
1435,Quiz - Topic 1435,20
1436,Quiz - Topic 1436,20
1437,Quiz - Topic 1437,20
1438,Quiz - Topic 1438,20
1439,Quiz - Topic 1439,20
1440,Quiz - Topic 1440,20
1441,Quiz - Topic 1441,20
1442,Quiz - Topic 1442,20
1443,Quiz - Topic 1443,20
1444,Quiz - Topic 1444,20
1445,Quiz - Topic 1445,20
1446,Quiz - Topic 1446,20
1447,Quiz - Topic 1447,20
1448,Quiz - Topic 1448,20
1449,Quiz - Topic 1449,20
1450,Quiz - Topic 1450,20
1451,Quiz - Topic 1451,20
1452,Quiz - Topic 1452,20
1453,Quiz - Topic 1453,20
1454,Quiz - Topic 1454,20
1455,Quiz - Topic 1455,20
1456,Quiz - Topic 1456,20
1457,Quiz - Topic 1457,20
1458,Quiz - Topic 1458,20
1459,Quiz - Topic 1459,20
1460,Quiz - Topic 1460,20
1461,Quiz - Topic 1461,20
1462,Quiz - Topic 1462,20
1463,Quiz - Topic 1463,20
1464,Quiz - Topic 1464,20
1465,Quiz - Topic 1465,20
1466,Quiz - Topic 1466,20
1467,Quiz - Topic 1467,20
1468,Quiz - Topic 1468,20
1469,Quiz - Topic 1469,20
1470,Quiz - Topic 1470,20
1471,Quiz - Topic 1471,20
1472,Quiz - Topic 1472,20
1473,Quiz - Topic 1473,20
1474,Quiz - Topic 1474,20
1475,Quiz - Topic 1475,20
1476,Quiz - Topic 1476,20
1477,Quiz - Topic 1477,20
1478,Quiz - Topic 1478,20
1479,Quiz - Topic 1479,20
1480,Quiz - Topic 1480,20
1481,Quiz - Topic 1481,20
1482,Quiz - Topic 1482,20
1483,Quiz - Topic 1483,20
1484,Quiz - Topic 1484,20
1485,Quiz - Topic 1485,20
1486,Quiz - Topic 1486,20
1487,Quiz - Topic 1487,20
1488,Quiz - Topic 1488,20
1489,Quiz - Topic 1489,20
1490,Quiz - Topic 1490,20
1491,Quiz - Topic 1491,20
1492,Quiz - Topic 1492,20
1493,Quiz - Topic 1493,20
1494,Quiz - Topic 1494,20
1495,Quiz - Topic 1495,20
1496,Quiz - Topic 1496,20
1497,Quiz - Topic 1497,20
1498,Quiz - Topic 1498,20
1499,Quiz - Topic 1499,20
1500,Quiz - Topic 1500,20
1501,Quiz - Topic 1501,20
1502,Quiz - Topic 1502,20
1503,Quiz - Topic 1503,20
1504,Quiz - Topic 1504,20
1505,Quiz - Topic 1505,20
1506,Quiz - Topic 1506,20
1507,Quiz - Topic 1507,20
1508,Quiz - Topic 1508,20
1509,Quiz - Topic 1509,20
1510,Quiz - Topic 1510,20
1511,Quiz - Topic 1511,20
1512,Quiz - Topic 1512,20
1513,Quiz - Topic 1513,20
1514,Quiz - Topic 1514,20
1515,Quiz - Topic 1515,20
1516,Quiz - Topic 1516,20
1517,Quiz - Topic 1517,20
1518,Quiz - Topic 1518,20
1519,Quiz - Topic 1519,20
1520,Quiz - Topic 1520,20
1521,Quiz - Topic 1521,20
1522,Quiz - Topic 1522,20
1523,Quiz - Topic 1523,20
1524,Quiz - Topic 1524,20
1525,Quiz - Topic 1525,20
1526,Quiz - Topic 1526,20
1527,Quiz - Topic 1527,20
1528,Quiz - Topic 1528,20
1529,Quiz - Topic 1529,20
1530,Quiz - Topic 1530,20
1531,Quiz - Topic 1531,20
1532,Quiz - Topic 1532,20
1533,Quiz - Topic 1533,20
1534,Quiz - Topic 1534,20
1535,Quiz - Topic 1535,20
1536,Quiz - Topic 1536,20
1537,Quiz - Topic 1537,20
1538,Quiz - Topic 1538,20
1539,Quiz - Topic 1539,20
1540,Quiz - Topic 1540,20
1541,Quiz - Topic 1541,20
1542,Quiz - Topic 1542,20
1543,Quiz - Topic 1543,20
1544,Quiz - Topic 1544,20
1545,Quiz - Topic 1545,20
1546,Quiz - Topic 1546,20
1547,Quiz - Topic 1547,20
1548,Quiz - Topic 1548,20
1549,Quiz - Topic 1549,20
1550,Quiz - Topic 1550,20
1551,Quiz - Topic 1551,20
1552,Quiz - Topic 1552,20
1553,Quiz - Topic 1553,20
1554,Quiz - Topic 1554,20
1555,Quiz - Topic 1555,20
1556,Quiz - Topic 1556,20
1557,Quiz - Topic 1557,20
1558,Quiz - Topic 1558,20
1559,Quiz - Topic 1559,20
1560,Quiz - Topic 1560,20
1561,Quiz - Topic 1561,20
1562,Quiz - Topic 1562,20
1563,Quiz - Topic 1563,20
1564,Quiz - Topic 1564,20
1565,Quiz - Topic 1565,20
1566,Quiz - Topic 1566,20
1567,Quiz - Topic 1567,20
1568,Quiz - Topic 1568,20
1569,Quiz - Topic 1569,20
1570,Quiz - Topic 1570,20
1571,Quiz - Topic 1571,20
1572,Quiz - Topic 1572,20
1573,Quiz - Topic 1573,20
1574,Quiz - Topic 1574,20
1575,Quiz - Topic 1575,20
1576,Quiz - Topic 1576,20
1577,Quiz - Topic 1577,20
1578,Quiz - Topic 1578,20
1579,Quiz - Topic 1579,20
1580,Quiz - Topic 1580,20
1581,Quiz - Topic 1581,20
1582,Quiz - Topic 1582,20
1583,Quiz - Topic 1583,20
1584,Quiz - Topic 1584,20
1585,Quiz - Topic 1585,20
1586,Quiz - Topic 1586,20
1587,Quiz - Topic 1587,20
1588,Quiz - Topic 1588,20
1589,Quiz - Topic 1589,20
1590,Quiz - Topic 1590,20
1591,Quiz - Topic 1591,20
1592,Quiz - Topic 1592,20
1593,Quiz - Topic 1593,20
1594,Quiz - Topic 1594,20
1595,Quiz - Topic 1595,20
1596,Quiz - Topic 1596,20
1597,Quiz - Topic 1597,20
1598,Quiz - Topic 1598,20
1599,Quiz - Topic 1599,20
1600,Quiz - Topic 1600,20
1601,Quiz - Topic 1601,20
1602,Quiz - Topic 1602,20
1603,Quiz - Topic 1603,20
1604,Quiz - Topic 1604,20
1605,Quiz - Topic 1605,20
1606,Quiz - Topic 1606,20
1607,Quiz - Topic 1607,20
1608,Quiz - Topic 1608,20
1609,Quiz - Topic 1609,20
1610,Quiz - Topic 1610,20
1611,Quiz - Topic 1611,20
1612,Quiz - Topic 1612,20
1613,Quiz - Topic 1613,20
1614,Quiz - Topic 1614,20
1615,Quiz - Topic 1615,20
1616,Quiz - Topic 1616,20
1617,Quiz - Topic 1617,20
1618,Quiz - Topic 1618,20
1619,Quiz - Topic 1619,20
1620,Quiz - Topic 1620,20
1621,Quiz - Topic 1621,20
1622,Quiz - Topic 1622,20
1623,Quiz - Topic 1623,20
1624,Quiz - Topic 1624,20
1625,Quiz - Topic 1625,20
1626,Quiz - Topic 1626,20
1627,Quiz - Topic 1627,20
1628,Quiz - Topic 1628,20
1629,Quiz - Topic 1629,20
1630,Quiz - Topic 1630,20
1631,Quiz - Topic 1631,20
1632,Quiz - Topic 1632,20
1633,Quiz - Topic 1633,20
1634,Quiz - Topic 1634,20
1635,Quiz - Topic 1635,20
1636,Quiz - Topic 1636,20
1637,Quiz - Topic 1637,20
1638,Quiz - Topic 1638,20
1639,Quiz - Topic 1639,20
1640,Quiz - Topic 1640,20
1641,Quiz - Topic 1641,20
1642,Quiz - Topic 1642,20
1643,Quiz - Topic 1643,20
1644,Quiz - Topic 1644,20
1645,Quiz - Topic 1645,20
1646,Quiz - Topic 1646,20
1647,Quiz - Topic 1647,20
1648,Quiz - Topic 1648,20
1649,Quiz - Topic 1649,20
1650,Quiz - Topic 1650,20
1651,Quiz - Topic 1651,20
1652,Quiz - Topic 1652,20
1653,Quiz - Topic 1653,20
1654,Quiz - Topic 1654,20
1655,Quiz - Topic 1655,20
1656,Quiz - Topic 1656,20
1657,Quiz - Topic 1657,20
1658,Quiz - Topic 1658,20
1659,Quiz - Topic 1659,20
1660,Quiz - Topic 1660,20
1661,Quiz - Topic 1661,20
1662,Quiz - Topic 1662,20
1663,Quiz - Topic 1663,20
1664,Quiz - Topic 1664,20
1665,Quiz - Topic 1665,20
1666,Quiz - Topic 1666,20
1667,Quiz - Topic 1667,20
1668,Quiz - Topic 1668,20
1669,Quiz - Topic 1669,20
1670,Quiz - Topic 1670,20
1671,Quiz - Topic 1671,20
1672,Quiz - Topic 1672,20
1673,Quiz - Topic 1673,20
1674,Quiz - Topic 1674,20
1675,Quiz - Topic 1675,20
1676,Quiz - Topic 1676,20
1677,Quiz - Topic 1677,20
1678,Quiz - Topic 1678,20
1679,Quiz - Topic 1679,20
1680,Quiz - Topic 1680,20
1681,Quiz - Topic 1681,20
1682,Quiz - Topic 1682,20
1683,Quiz - Topic 1683,20
1684,Quiz - Topic 1684,20
1685,Quiz - Topic 1685,20
1686,Quiz - Topic 1686,20
1687,Quiz - Topic 1687,20
1688,Quiz - Topic 1688,20
1689,Quiz - Topic 1689,20
1690,Quiz - Topic 1690,20
1691,Quiz - Topic 1691,20
1692,Quiz - Topic 1692,20
1693,Quiz - Topic 1693,20
1694,Quiz - Topic 1694,20
1695,Quiz - Topic 1695,20
1696,Quiz - Topic 1696,20
1697,Quiz - Topic 1697,20
1698,Quiz - Topic 1698,20
1699,Quiz - Topic 1699,20
1700,Quiz - Topic 1700,20
1701,Quiz - Topic 1701,20
1702,Quiz - Topic 1702,20
1703,Quiz - Topic 1703,20
1704,Quiz - Topic 1704,20
1705,Quiz - Topic 1705,20
1706,Quiz - Topic 1706,20
1707,Quiz - Topic 1707,20
1708,Quiz - Topic 1708,20
1709,Quiz - Topic 1709,20
1710,Quiz - Topic 1710,20
1711,Quiz - Topic 1711,20
1712,Quiz - Topic 1712,20
1713,Quiz - Topic 1713,20
1714,Quiz - Topic 1714,20
1715,Quiz - Topic 1715,20
1716,Quiz - Topic 1716,20
1717,Quiz - Topic 1717,20
1718,Quiz - Topic 1718,20
1719,Quiz - Topic 1719,20
1720,Quiz - Topic 1720,20
1721,Quiz - Topic 1721,20
1722,Quiz - Topic 1722,20
1723,Quiz - Topic 1723,20
1724,Quiz - Topic 1724,20
1725,Quiz - Topic 1725,20
1726,Quiz - Topic 1726,20
1727,Quiz - Topic 1727,20
1728,Quiz - Topic 1728,20
1729,Quiz - Topic 1729,20
1730,Quiz - Topic 1730,20
1731,Quiz - Topic 1731,20
1732,Quiz - Topic 1732,20
1733,Quiz - Topic 1733,20
1734,Quiz - Topic 1734,20
1735,Quiz - Topic 1735,20
1736,Quiz - Topic 1736,20
1737,Quiz - Topic 1737,20
1738,Quiz - Topic 1738,20
1739,Quiz - Topic 1739,20
1740,Quiz - Topic 1740,20
1741,Quiz - Topic 1741,20
1742,Quiz - Topic 1742,20
1743,Quiz - Topic 1743,20
1744,Quiz - Topic 1744,20
1745,Quiz - Topic 1745,20
1746,Quiz - Topic 1746,20
1747,Quiz - Topic 1747,20
1748,Quiz - Topic 1748,20
1749,Quiz - Topic 1749,20
1750,Quiz - Topic 1750,20
1751,Quiz - Topic 1751,20
1752,Quiz - Topic 1752,20
1753,Quiz - Topic 1753,20
1754,Quiz - Topic 1754,20
1755,Quiz - Topic 1755,20
1756,Quiz - Topic 1756,20
1757,Quiz - Topic 1757,20
1758,Quiz - Topic 1758,20
1759,Quiz - Topic 1759,20
1760,Quiz - Topic 1760,20
1761,Quiz - Topic 1761,20
1762,Quiz - Topic 1762,20
1763,Quiz - Topic 1763,20
1764,Quiz - Topic 1764,20
1765,Quiz - Topic 1765,20
1766,Quiz - Topic 1766,20
1767,Quiz - Topic 1767,20
1768,Quiz - Topic 1768,20
1769,Quiz - Topic 1769,20
1770,Quiz - Topic 1770,20
1771,Quiz - Topic 1771,20
1772,Quiz - Topic 1772,20
1773,Quiz - Topic 1773,20
1774,Quiz - Topic 1774,20
1775,Quiz - Topic 1775,20
1776,Quiz - Topic 1776,20
1777,Quiz - Topic 1777,20
1778,Quiz - Topic 1778,20
1779,Quiz - Topic 1779,20
1780,Quiz - Topic 1780,20
1781,Quiz - Topic 1781,20
1782,Quiz - Topic 1782,20
1783,Quiz - Topic 1783,20
1784,Quiz - Topic 1784,20
1785,Quiz - Topic 1785,20
1786,Quiz - Topic 1786,20
1787,Quiz - Topic 1787,20
1788,Quiz - Topic 1788,20
1789,Quiz - Topic 1789,20
1790,Quiz - Topic 1790,20
1791,Quiz - Topic 1791,20
1792,Quiz - Topic 1792,20
1793,Quiz - Topic 1793,20
1794,Quiz - Topic 1794,20
1795,Quiz - Topic 1795,20
1796,Quiz - Topic 1796,20
1797,Quiz - Topic 1797,20
1798,Quiz - Topic 1798,20
1799,Quiz - Topic 1799,20
1800,Quiz - Topic 1800,20
1801,Quiz - Topic 1801,20
1802,Quiz - Topic 1802,20
1803,Quiz - Topic 1803,20
1804,Quiz - Topic 1804,20
1805,Quiz - Topic 1805,20
1806,Quiz - Topic 1806,20
1807,Quiz - Topic 1807,20
1808,Quiz - Topic 1808,20
1809,Quiz - Topic 1809,20
1810,Quiz - Topic 1810,20
1811,Quiz - Topic 1811,20
1812,Quiz - Topic 1812,20
1813,Quiz - Topic 1813,20
1814,Quiz - Topic 1814,20
1815,Quiz - Topic 1815,20
1816,Quiz - Topic 1816,20
1817,Quiz - Topic 1817,20
1818,Quiz - Topic 1818,20
1819,Quiz - Topic 1819,20
1820,Quiz - Topic 1820,20
1821,Quiz - Topic 1821,20
1822,Quiz - Topic 1822,20
1823,Quiz - Topic 1823,20
1824,Quiz - Topic 1824,20
1825,Quiz - Topic 1825,20
1826,Quiz - Topic 1826,20
1827,Quiz - Topic 1827,20
1828,Quiz - Topic 1828,20
1829,Quiz - Topic 1829,20
1830,Quiz - Topic 1830,20
1831,Quiz - Topic 1831,20
1832,Quiz - Topic 1832,20
1833,Quiz - Topic 1833,20
1834,Quiz - Topic 1834,20
1835,Quiz - Topic 1835,20
1836,Quiz - Topic 1836,20
1837,Quiz - Topic 1837,20
1838,Quiz - Topic 1838,20
1839,Quiz - Topic 1839,20
1840,Quiz - Topic 1840,20
1841,Quiz - Topic 1841,20
1842,Quiz - Topic 1842,20
1843,Quiz - Topic 1843,20
1844,Quiz - Topic 1844,20
1845,Quiz - Topic 1845,20
1846,Quiz - Topic 1846,20
1847,Quiz - Topic 1847,20
1848,Quiz - Topic 1848,20
1849,Quiz - Topic 1849,20
1850,Quiz - Topic 1850,20
1851,Quiz - Topic 1851,20
1852,Quiz - Topic 1852,20
1853,Quiz - Topic 1853,20
1854,Quiz - Topic 1854,20
1855,Quiz - Topic 1855,20
1856,Quiz - Topic 1856,20
1857,Quiz - Topic 1857,20
1858,Quiz - Topic 1858,20
1859,Quiz - Topic 1859,20
1860,Quiz - Topic 1860,20
1861,Quiz - Topic 1861,20
1862,Quiz - Topic 1862,20
1863,Quiz - Topic 1863,20
1864,Quiz - Topic 1864,20
1865,Quiz - Topic 1865,20
1866,Quiz - Topic 1866,20
1867,Quiz - Topic 1867,20
1868,Quiz - Topic 1868,20
1869,Quiz - Topic 1869,20
1870,Quiz - Topic 1870,20
1871,Quiz - Topic 1871,20
1872,Quiz - Topic 1872,20
1873,Quiz - Topic 1873,20
1874,Quiz - Topic 1874,20
1875,Quiz - Topic 1875,20
1876,Quiz - Topic 1876,20
1877,Quiz - Topic 1877,20
1878,Quiz - Topic 1878,20
1879,Quiz - Topic 1879,20
1880,Quiz - Topic 1880,20
1881,Quiz - Topic 1881,20
1882,Quiz - Topic 1882,20
1883,Quiz - Topic 1883,20
1884,Quiz - Topic 1884,20
1885,Quiz - Topic 1885,20
1886,Quiz - Topic 1886,20
1887,Quiz - Topic 1887,20
1888,Quiz - Topic 1888,20
1889,Quiz - Topic 1889,20
1890,Quiz - Topic 1890,20
1891,Quiz - Topic 1891,20
1892,Quiz - Topic 1892,20
1893,Quiz - Topic 1893,20
1894,Quiz - Topic 1894,20
1895,Quiz - Topic 1895,20
1896,Quiz - Topic 1896,20
1897,Quiz - Topic 1897,20
1898,Quiz - Topic 1898,20
1899,Quiz - Topic 1899,20
1900,Quiz - Topic 1900,20
1901,Quiz - Topic 1901,20
1902,Quiz - Topic 1902,20
1903,Quiz - Topic 1903,20
1904,Quiz - Topic 1904,20
1905,Quiz - Topic 1905,20
1906,Quiz - Topic 1906,20
1907,Quiz - Topic 1907,20
1908,Quiz - Topic 1908,20
1909,Quiz - Topic 1909,20
1910,Quiz - Topic 1910,20
1911,Quiz - Topic 1911,20
1912,Quiz - Topic 1912,20
1913,Quiz - Topic 1913,20
1914,Quiz - Topic 1914,20
1915,Quiz - Topic 1915,20
1916,Quiz - Topic 1916,20
1917,Quiz - Topic 1917,20
1918,Quiz - Topic 1918,20
1919,Quiz - Topic 1919,20
1920,Quiz - Topic 1920,20
1921,Quiz - Topic 1921,20
1922,Quiz - Topic 1922,20
1923,Quiz - Topic 1923,20
1924,Quiz - Topic 1924,20
1925,Quiz - Topic 1925,20
1926,Quiz - Topic 1926,20
1927,Quiz - Topic 1927,20
1928,Quiz - Topic 1928,20
1929,Quiz - Topic 1929,20
1930,Quiz - Topic 1930,20
1931,Quiz - Topic 1931,20
1932,Quiz - Topic 1932,20
1933,Quiz - Topic 1933,20
1934,Quiz - Topic 1934,20
1935,Quiz - Topic 1935,20
1936,Quiz - Topic 1936,20
1937,Quiz - Topic 1937,20
1938,Quiz - Topic 1938,20
1939,Quiz - Topic 1939,20
1940,Quiz - Topic 1940,20
1941,Quiz - Topic 1941,20
1942,Quiz - Topic 1942,20
1943,Quiz - Topic 1943,20
1944,Quiz - Topic 1944,20
1945,Quiz - Topic 1945,20
1946,Quiz - Topic 1946,20
1947,Quiz - Topic 1947,20
1948,Quiz - Topic 1948,20
1949,Quiz - Topic 1949,20
1950,Quiz - Topic 1950,20
1951,Quiz - Topic 1951,20
1952,Quiz - Topic 1952,20
1953,Quiz - Topic 1953,20
1954,Quiz - Topic 1954,20
1955,Quiz - Topic 1955,20
1956,Quiz - Topic 1956,20
1957,Quiz - Topic 1957,20
1958,Quiz - Topic 1958,20
1959,Quiz - Topic 1959,20
1960,Quiz - Topic 1960,20
1961,Quiz - Topic 1961,20
1962,Quiz - Topic 1962,20
1963,Quiz - Topic 1963,20
1964,Quiz - Topic 1964,20
1965,Quiz - Topic 1965,20
1966,Quiz - Topic 1966,20
1967,Quiz - Topic 1967,20
1968,Quiz - Topic 1968,20
1969,Quiz - Topic 1969,20
1970,Quiz - Topic 1970,20
1971,Quiz - Topic 1971,20
1972,Quiz - Topic 1972,20
1973,Quiz - Topic 1973,20
1974,Quiz - Topic 1974,20
1975,Quiz - Topic 1975,20
1976,Quiz - Topic 1976,20
1977,Quiz - Topic 1977,20
1978,Quiz - Topic 1978,20
1979,Quiz - Topic 1979,20
1980,Quiz - Topic 1980,20
1981,Quiz - Topic 1981,20
1982,Quiz - Topic 1982,20
1983,Quiz - Topic 1983,20
1984,Quiz - Topic 1984,20
1985,Quiz - Topic 1985,20
1986,Quiz - Topic 1986,20
1987,Quiz - Topic 1987,20
1988,Quiz - Topic 1988,20
1989,Quiz - Topic 1989,20
1990,Quiz - Topic 1990,20
1991,Quiz - Topic 1991,20
1992,Quiz - Topic 1992,20
1993,Quiz - Topic 1993,20
1994,Quiz - Topic 1994,20
1995,Quiz - Topic 1995,20
1996,Quiz - Topic 1996,20
1997,Quiz - Topic 1997,20
1998,Quiz - Topic 1998,20
1999,Quiz - Topic 1999,20
2000,Quiz - Topic 2000,20
