role_id,full_name,email,phone
1,Admin User,admin@edunovaai.com,9876500001
2,Aryan Maharaj,aryan.maharaj@edunovaai.com,9876500002
2,Udant Dewan,udant.dewan@edunovaai.com,9876500003
2,Gagan Sami,gagan.sami@edunovaai.com,9876500004
2,Ayushman Chander,ayushman.chander@edunovaai.com,9876500005
2,Viraj Tiwari,viraj.tiwari@edunovaai.com,9876500006
2,Rushil Saini,rushil.saini@edunovaai.com,9876500007
2,Saumya Mall,saumya.mall@edunovaai.com,9876500008
2,Nathaniel Sami,nathaniel.sami@edunovaai.com,9876500009
2,Arunima Dugal,arunima.dugal@edunovaai.com,9876500010
2,Gayathri Chaudry,gayathri.chaudry@edunovaai.com,9876500011
2,Lajita Chatterjee,lajita.chatterjee@edunovaai.com,9876500012
2,Hemangini Lalla,hemangini.lalla@edunovaai.com,9876500013
2,Tripti Yadav,tripti.yadav@edunovaai.com,9876500014
2,Kritika Brar,kritika.brar@edunovaai.com,9876500015
2,Janaki Handa,janaki.handa@edunovaai.com,9876500016
2,Chakradev Kari,chakradev.kari@edunovaai.com,9876500017
2,Fariq Kaul,fariq.kaul@edunovaai.com,9876500018
2,Lajita Mall,lajita.mall@edunovaai.com,9876500019
2,Janya Gaba,janya.gaba@edunovaai.com,9876500020
2,Isha Kadakia,isha.kadakia@edunovaai.com,9876500021
2,Ekbal Garg,ekbal.garg@edunovaai.com,9876500022
2,Nihal Shere,nihal.shere@edunovaai.com,9876500023
2,Anamika Kanda,anamika.kanda@edunovaai.com,9876500024
2,Daksh Karnik,daksh.karnik@edunovaai.com,9876500025
2,Diya Rattan,diya.rattan@edunovaai.com,9876500026
2,Dominic Kakar,dominic.kakar@edunovaai.com,9876500027
2,Simon Tata,simon.tata@edunovaai.com,9876500028
2,Tara Dhar,tara.dhar@edunovaai.com,9876500029
2,Liam Koshy,liam.koshy@edunovaai.com,9876500030
2,Priya Rastogi,priya.rastogi@edunovaai.com,9876500031
2,Theodore Devi,theodore.devi@edunovaai.com,9876500032
2,Gavin Batta,gavin.batta@edunovaai.com,9876500033
2,Michael Dutta,michael.dutta@edunovaai.com,9876500034
2,Devansh Rajan,devansh.rajan@edunovaai.com,9876500035
2,Upadhriti Wadhwa,upadhriti.wadhwa@edunovaai.com,9876500036
2,Advay Contractor,advay.contractor@edunovaai.com,9876500037
2,Harini Choudhury,harini.choudhury@edunovaai.com,9876500038
2,Radhika Dugar,radhika.dugar@edunovaai.com,9876500039
2,Aarush Lall,aarush.lall@edunovaai.com,9876500040
2,Yashica Cherian,yashica.cherian@edunovaai.com,9876500041
2,Yashica Issac,yashica.issac@edunovaai.com,9876500042
2,Kashvi Edwin,kashvi.edwin@edunovaai.com,9876500043
2,Ekiya Suresh,ekiya.suresh@edunovaai.com,9876500044
2,Isaac Patil,isaac.patil@edunovaai.com,9876500045
2,Wriddhish Bhardwaj,wriddhish.bhardwaj@edunovaai.com,9876500046
2,Farhan Chada,farhan.chada@edunovaai.com,9876500047
2,Ekapad Walia,ekapad.walia@edunovaai.com,9876500048
2,Kabir Soman,kabir.soman@edunovaai.com,9876500049
2,Alka Wable,alka.wable@edunovaai.com,9876500050
2,Siddharth Zacharia,siddharth.zacharia@edunovaai.com,9876500051
3,Devika Rastogi,devika.rastogi@gmail.com,9876500052
3,Raksha Varughese,raksha.varughese@gmail.com,9876500053
3,Jai Kota,jai.kota@gmail.com,9876500054
3,Devansh Nigam,devansh.nigam@gmail.com,9876500055
3,Victor Kannan,victor.kannan@gmail.com,9876500056
3,Ekavir Bhargava,ekavir.bhargava@gmail.com,9876500057
3,Ekansh Balay,ekansh.balay@gmail.com,9876500058
3,Ekavir Varkey,ekavir.varkey@gmail.com,9876500059
3,Arya Sunder,arya.sunder@gmail.com,9876500060
3,Kevin Solanki,kevin.solanki@gmail.com,9876500061
3,Urvashi Ray,urvashi.ray@gmail.com,9876500062
3,Girindra Chatterjee,girindra.chatterjee@gmail.com,9876500063
3,Irya Sampath,irya.sampath@gmail.com,9876500064
3,Unni Bhagat,unni.bhagat@gmail.com,9876500065
3,Darsh Rau,darsh.rau@gmail.com,9876500066
3,Ikbal Kothari,ikbal.kothari@gmail.com,9876500067
3,Ranveer Yadav,ranveer.yadav@gmail.com,9876500068
3,Logan Sami,logan.sami@gmail.com,9876500069
3,Arya Shere,arya.shere@gmail.com,9876500070
3,Faqid Savant,faqid.savant@gmail.com,9876500071
3,Chandresh Zachariah,chandresh.zachariah@gmail.com,9876500072
3,Girik Khalsa,girik.khalsa@gmail.com,9876500073
3,Niharika Sunder,niharika.sunder@gmail.com,9876500074
3,Tanay Rattan,tanay.rattan@gmail.com,9876500075
3,Nitesh Raghavan,nitesh.raghavan@gmail.com,9876500076
3,Madhavi Lanka,madhavi.lanka@gmail.com,9876500077
3,Bhavika Sampath,bhavika.sampath@gmail.com,9876500078
3,Mohammed Gupta,mohammed.gupta@gmail.com,9876500079
3,Teerth Bhardwaj,teerth.bhardwaj@gmail.com,9876500080
3,Dipta Bhandari,dipta.bhandari@gmail.com,9876500081
3,Vansha Thakkar,vansha.thakkar@gmail.com,9876500082
3,Dakshesh Trivedi,dakshesh.trivedi@gmail.com,9876500083
3,Quincy Biswas,quincy.biswas@gmail.com,9876500084
3,Wahab Raval,wahab.raval@gmail.com,9876500085
3,Yatin Baral,yatin.baral@gmail.com,9876500086
3,Oni Virk,oni.virk@gmail.com,9876500087
3,Advika Jayaraman,advika.jayaraman@gmail.com,9876500088
3,William Lanka,william.lanka@gmail.com,9876500089
3,Karan Mital,karan.mital@gmail.com,9876500090
3,Diya Bora,diya.bora@gmail.com,9876500091
3,Tara Chaudhry,tara.chaudhry@gmail.com,9876500092
3,Tanay Toor,tanay.toor@gmail.com,9876500093
3,Kevin Palla,kevin.palla@gmail.com,9876500094
3,Yash Pingle,yash.pingle@gmail.com,9876500095
3,Nakul Sarma,nakul.sarma@gmail.com,9876500096
3,Abhiram Mistry,abhiram.mistry@gmail.com,9876500097
3,Krish Lalla,krish.lalla@gmail.com,9876500098
3,Hredhaan Dugal,hredhaan.dugal@gmail.com,9876500099
3,Baghyawati Kade,baghyawati.kade@gmail.com,9876500100
3,Samar Lalla,samar.lalla@gmail.com,9876500101
3,Zayan Behl,zayan.behl@gmail.com,9876500102
3,Pallavi Malhotra,pallavi.malhotra@gmail.com,9876500103
3,Aarush Nath,aarush.nath@gmail.com,9876500104
3,Adweta Edwin,adweta.edwin@gmail.com,9876500105
3,Prisha Andra,prisha.andra@gmail.com,9876500106
3,Faqid Dixit,faqid.dixit@gmail.com,9876500107
3,Kala Divan,kala.divan@gmail.com,9876500108
3,Joshua Barman,joshua.barman@gmail.com,9876500109
3,Janya Baral,janya.baral@gmail.com,9876500110
3,Shivansh Krish,shivansh.krish@gmail.com,9876500111
3,Irya Ray,irya.ray@gmail.com,9876500112
3,Warjas Gaba,warjas.gaba@gmail.com,9876500113
3,Nitara Bakshi,nitara.bakshi@gmail.com,9876500114
3,Gaurangi Sabharwal,gaurangi.sabharwal@gmail.com,9876500115
3,Amara Dutta,amara.dutta@gmail.com,9876500116
3,Lavanya Barad,lavanya.barad@gmail.com,9876500117
3,Tristan Iyengar,tristan.iyengar@gmail.com,9876500118
3,Inaya Mody,inaya.mody@gmail.com,9876500119
3,Udant Bajwa,udant.bajwa@gmail.com,9876500120
3,Mohini Narasimhan,mohini.narasimhan@gmail.com,9876500121
3,Ekaraj Mallick,ekaraj.mallick@gmail.com,9876500122
3,Yashodhara Ratta,yashodhara.ratta@gmail.com,9876500123
3,Ayaan D’Alia,ayaan.d’alia@gmail.com,9876500124
3,Pranav Lanka,pranav.lanka@gmail.com,9876500125
3,Ikbal Saraf,ikbal.saraf@gmail.com,9876500126
3,Dipta Sarin,dipta.sarin@gmail.com,9876500127
3,Lekha Gupta,lekha.gupta@gmail.com,9876500128
3,Chaitanya Sarin,chaitanya.sarin@gmail.com,9876500129
3,Zinal Yohannan,zinal.yohannan@gmail.com,9876500130
3,Januja Sankar,januja.sankar@gmail.com,9876500131
3,Ganga Murthy,ganga.murthy@gmail.com,9876500132
3,Charita Tripathi,charita.tripathi@gmail.com,9876500133
3,Nilima Narain,nilima.narain@gmail.com,9876500134
3,Chakrika Datta,chakrika.datta@gmail.com,9876500135
3,Osha Raghavan,osha.raghavan@gmail.com,9876500136
3,Charvi Ravi,charvi.ravi@gmail.com,9876500137
3,Daksha Mangat,daksha.mangat@gmail.com,9876500138
3,Qushi Nagy,qushi.nagy@gmail.com,9876500139
3,Riya Sathe,riya.sathe@gmail.com,9876500140
3,Yasti Solanki,yasti.solanki@gmail.com,9876500141
3,Frado Mander,frado.mander@gmail.com,9876500142
3,Girik Keer,girik.keer@gmail.com,9876500143
3,Umang Issac,umang.issac@gmail.com,9876500144
3,Aryan Batra,aryan.batra@gmail.com,9876500145
3,Vaishnavi Bora,vaishnavi.bora@gmail.com,9876500146
3,Oeshi Hayer,oeshi.hayer@gmail.com,9876500147
3,Warda Ratta,warda.ratta@gmail.com,9876500148
3,Manbir Ahluwalia,manbir.ahluwalia@gmail.com,9876500149
3,Pavani Kanda,pavani.kanda@gmail.com,9876500150
3,Zarna Shetty,zarna.shetty@gmail.com,9876500151
3,Zaid Dara,zaid.dara@gmail.com,9876500152
3,Kiaan Shetty,kiaan.shetty@gmail.com,9876500153
3,Saanvi Thaman,saanvi.thaman@gmail.com,9876500154
3,Sanaya Dutt,sanaya.dutt@gmail.com,9876500155
3,Shivani Lad,shivani.lad@gmail.com,9876500156
3,Aradhana Verma,aradhana.verma@gmail.com,9876500157
3,William Maharaj,william.maharaj@gmail.com,9876500158
3,Faras Mangal,faras.mangal@gmail.com,9876500159
3,Anita Nayak,anita.nayak@gmail.com,9876500160
3,Faris Devi,faris.devi@gmail.com,9876500161
3,Vihaan Rajagopal,vihaan.rajagopal@gmail.com,9876500162
3,Tanish Bhatt,tanish.bhatt@gmail.com,9876500163
3,Nikita Narayanan,nikita.narayanan@gmail.com,9876500164
3,Ojasvi Bhatia,ojasvi.bhatia@gmail.com,9876500165
3,Osha Ramachandran,osha.ramachandran@gmail.com,9876500166
3,Lajita Sood,lajita.sood@gmail.com,9876500167
3,Indira Misra,indira.misra@gmail.com,9876500168
3,Oni Yohannan,oni.yohannan@gmail.com,9876500169
3,Vinaya Kanda,vinaya.kanda@gmail.com,9876500170
3,Rajata Sunder,rajata.sunder@gmail.com,9876500171
3,Lopa Nayar,lopa.nayar@gmail.com,9876500172
3,Noah Sibal,noah.sibal@gmail.com,9876500173
3,Avi Ramesh,avi.ramesh@gmail.com,9876500174
3,Fiyaz Sangha,fiyaz.sangha@gmail.com,9876500175
3,Triya Gopal,triya.gopal@gmail.com,9876500176
3,Abha Raghavan,abha.raghavan@gmail.com,9876500177
3,Siddharth Sha,siddharth.sha@gmail.com,9876500178
3,Geetika Raghavan,geetika.raghavan@gmail.com,9876500179
3,Oviya Krishnan,oviya.krishnan@gmail.com,9876500180
3,Upma Bahl,upma.bahl@gmail.com,9876500181
3,Inaya Kapur,inaya.kapur@gmail.com,9876500182
3,Banjeet Balasubramanian,banjeet.balasubramanian@gmail.com,9876500183
3,Ryan Bahri,ryan.bahri@gmail.com,9876500184
3,William Date,william.date@gmail.com,9876500185
3,Ishwar Kamdar,ishwar.kamdar@gmail.com,9876500186
3,Aahana Pillay,aahana.pillay@gmail.com,9876500187
3,Ishwar Gade,ishwar.gade@gmail.com,9876500188
3,Hritik Bal,hritik.bal@gmail.com,9876500189
3,Keya Ranganathan,keya.ranganathan@gmail.com,9876500190
3,Faqid Kibe,faqid.kibe@gmail.com,9876500191
3,Charvi Dara,charvi.dara@gmail.com,9876500192
3,Idika Walia,idika.walia@gmail.com,9876500193
3,Kamala Biswas,kamala.biswas@gmail.com,9876500194
3,Advik Salvi,advik.salvi@gmail.com,9876500195
3,Hitesh Sant,hitesh.sant@gmail.com,9876500196
3,Tripti Dua,tripti.dua@gmail.com,9876500197
3,Patrick Vig,patrick.vig@gmail.com,9876500198
3,Veda Shroff,veda.shroff@gmail.com,9876500199
3,Amrita Naidu,amrita.naidu@gmail.com,9876500200
3,Gabriel Mallick,gabriel.mallick@gmail.com,9876500201
3,Yagnesh Shetty,yagnesh.shetty@gmail.com,9876500202
3,Gayathri Balakrishnan,gayathri.balakrishnan@gmail.com,9876500203
3,Ekta Gopal,ekta.gopal@gmail.com,9876500204
3,Simon Pant,simon.pant@gmail.com,9876500205
3,Harini Mammen,harini.mammen@gmail.com,9876500206
3,Advaith Varughese,advaith.varughese@gmail.com,9876500207
3,Frederick Khurana,frederick.khurana@gmail.com,9876500208
3,Vrinda Khosla,vrinda.khosla@gmail.com,9876500209
3,Vritti Sem,vritti.sem@gmail.com,9876500210
3,Girik Menon,girik.menon@gmail.com,9876500211
3,Nidhi Kohli,nidhi.kohli@gmail.com,9876500212
3,Jyoti Solanki,jyoti.solanki@gmail.com,9876500213
3,Pavani Narayanan,pavani.narayanan@gmail.com,9876500214
3,Sudiksha Madan,sudiksha.madan@gmail.com,9876500215
3,Zayan Kashyap,zayan.kashyap@gmail.com,9876500216
3,Reyansh Mutti,reyansh.mutti@gmail.com,9876500217
3,Qasim Handa,qasim.handa@gmail.com,9876500218
3,Veda Malhotra,veda.malhotra@gmail.com,9876500219
3,Harish Hari,harish.hari@gmail.com,9876500220
3,Utkarsh Patel,utkarsh.patel@gmail.com,9876500221
3,Chasmum Atwal,chasmum.atwal@gmail.com,9876500222
3,Anusha Bath,anusha.bath@gmail.com,9876500223
3,Brinda Date,brinda.date@gmail.com,9876500224
3,Harshil Arora,harshil.arora@gmail.com,9876500225
3,Upasna Srinivas,upasna.srinivas@gmail.com,9876500226
3,Harini Gour,harini.gour@gmail.com,9876500227
3,Zayyan Sridhar,zayyan.sridhar@gmail.com,9876500228
3,Dhruv Rattan,dhruv.rattan@gmail.com,9876500229
3,Ethan Bera,ethan.bera@gmail.com,9876500230
3,Manthan Modi,manthan.modi@gmail.com,9876500231
3,Yuvraj Dani,yuvraj.dani@gmail.com,9876500232
3,Upkaar Virk,upkaar.virk@gmail.com,9876500233
3,Shravya Savant,shravya.savant@gmail.com,9876500234
3,Pushti Mody,pushti.mody@gmail.com,9876500235
3,Hardik Johal,hardik.johal@gmail.com,9876500236
3,Aishani Bumb,aishani.bumb@gmail.com,9876500237
3,Wriddhish Ghose,wriddhish.ghose@gmail.com,9876500238
3,Naksh Agate,naksh.agate@gmail.com,9876500239
3,Shravya Singhal,shravya.singhal@gmail.com,9876500240
3,Bachittar Kata,bachittar.kata@gmail.com,9876500241
3,Barkha Setty,barkha.setty@gmail.com,9876500242
3,Vivaan Lalla,vivaan.lalla@gmail.com,9876500243
3,Pavani Contractor,pavani.contractor@gmail.com,9876500244
3,Manthan Lata,manthan.lata@gmail.com,9876500245
3,Ekbal Bhasin,ekbal.bhasin@gmail.com,9876500246
3,Damyanti Mani,damyanti.mani@gmail.com,9876500247
3,Jeet Sidhu,jeet.sidhu@gmail.com,9876500248
3,Neha Magar,neha.magar@gmail.com,9876500249
3,Raksha Buch,raksha.buch@gmail.com,9876500250
3,Rachana Naidu,rachana.naidu@gmail.com,9876500251
3,Atharv Chand,atharv.chand@gmail.com,9876500252
3,Ansh Luthra,ansh.luthra@gmail.com,9876500253
3,Parth Singhal,parth.singhal@gmail.com,9876500254
3,Arunima Golla,arunima.golla@gmail.com,9876500255
3,Vyanjana Chand,vyanjana.chand@gmail.com,9876500256
3,Ijaya Rege,ijaya.rege@gmail.com,9876500257
3,Ekani Cheema,ekani.cheema@gmail.com,9876500258
3,Forum Sabharwal,forum.sabharwal@gmail.com,9876500259
3,Bhavya Rattan,bhavya.rattan@gmail.com,9876500260
3,Suhani Chakrabarti,suhani.chakrabarti@gmail.com,9876500261
3,Zayyan Naik,zayyan.naik@gmail.com,9876500262
3,Netra Varkey,netra.varkey@gmail.com,9876500263
3,Turvi Sachdev,turvi.sachdev@gmail.com,9876500264
3,Raghav Vasa,raghav.vasa@gmail.com,9876500265
3,Wishi Sathe,wishi.sathe@gmail.com,9876500266
3,Samar Loke,samar.loke@gmail.com,9876500267
3,Bhavna Sarma,bhavna.sarma@gmail.com,9876500268
3,Jairaj Balakrishnan,jairaj.balakrishnan@gmail.com,9876500269
3,Nathan Mukhopadhyay,nathan.mukhopadhyay@gmail.com,9876500270
3,Nikita Chander,nikita.chander@gmail.com,9876500271
3,Ishaan Shenoy,ishaan.shenoy@gmail.com,9876500272
3,Mitesh Tara,mitesh.tara@gmail.com,9876500273
3,Yashodhara Mahajan,yashodhara.mahajan@gmail.com,9876500274
3,Vasudha Sodhi,vasudha.sodhi@gmail.com,9876500275
3,Tanmayi Dhillon,tanmayi.dhillon@gmail.com,9876500276
3,Rayaan Trivedi,rayaan.trivedi@gmail.com,9876500277
3,Ekaraj Majumdar,ekaraj.majumdar@gmail.com,9876500278
3,Harini Tripathi,harini.tripathi@gmail.com,9876500279
3,Aarnav Mandal,aarnav.mandal@gmail.com,9876500280
3,Vrishti Dixit,vrishti.dixit@gmail.com,9876500281
3,Veda Pai,veda.pai@gmail.com,9876500282
3,Krishna Shah,krishna.shah@gmail.com,9876500283
3,Ranbir Khare,ranbir.khare@gmail.com,9876500284
3,Vivaan Roy,vivaan.roy@gmail.com,9876500285
3,Eesha Solanki,eesha.solanki@gmail.com,9876500286
3,Libni Doshi,libni.doshi@gmail.com,9876500287
3,Balhaar Date,balhaar.date@gmail.com,9876500288
3,Harish Sarraf,harish.sarraf@gmail.com,9876500289
3,Tanmayi Aurora,tanmayi.aurora@gmail.com,9876500290
3,Nimrat Dubey,nimrat.dubey@gmail.com,9876500291
3,Upasna Lanka,upasna.lanka@gmail.com,9876500292
3,Mitali Buch,mitali.buch@gmail.com,9876500293
3,Lajita Nadig,lajita.nadig@gmail.com,9876500294
3,Balendra Biswas,balendra.biswas@gmail.com,9876500295
3,Bhavna Karan,bhavna.karan@gmail.com,9876500296
3,Radha Chaudhari,radha.chaudhari@gmail.com,9876500297
3,Sachi Ganesan,sachi.ganesan@gmail.com,9876500298
3,Ayush Batra,ayush.batra@gmail.com,9876500299
3,Daksh Memon,daksh.memon@gmail.com,9876500300
3,Kavya Sankar,kavya.sankar@gmail.com,9876500301
3,Yash Wali,yash.wali@gmail.com,9876500302
3,Pranit Garde,pranit.garde@gmail.com,9876500303
3,Farhan Raja,farhan.raja@gmail.com,9876500304
3,Widisha Dhar,widisha.dhar@gmail.com,9876500305
3,Triya Kumar,triya.kumar@gmail.com,9876500306
3,Aadhya Andra,aadhya.andra@gmail.com,9876500307
3,Bhavna Dugar,bhavna.dugar@gmail.com,9876500308
3,Riya Pai,riya.pai@gmail.com,9876500309
3,Panini Krishna,panini.krishna@gmail.com,9876500310
3,Chasmum Issac,chasmum.issac@gmail.com,9876500311
3,Vasudha Chhabra,vasudha.chhabra@gmail.com,9876500312
3,Lakshmi Parmer,lakshmi.parmer@gmail.com,9876500313
3,Chakrika Bains,chakrika.bains@gmail.com,9876500314
3,Anvi Anand,anvi.anand@gmail.com,9876500315
3,Watika Mangat,watika.mangat@gmail.com,9876500316
3,Indira Kanda,indira.kanda@gmail.com,9876500317
3,Zashil Devan,zashil.devan@gmail.com,9876500318
3,Balveer More,balveer.more@gmail.com,9876500319
3,Bahadurjit Patla,bahadurjit.patla@gmail.com,9876500320
3,Gautam Merchant,gautam.merchant@gmail.com,9876500321
3,Ojasvi Gill,ojasvi.gill@gmail.com,9876500322
3,Kevin Zacharia,kevin.zacharia@gmail.com,9876500323
3,Yachana Mahajan,yachana.mahajan@gmail.com,9876500324
3,Aarini Subramaniam,aarini.subramaniam@gmail.com,9876500325
3,Hamsini Contractor,hamsini.contractor@gmail.com,9876500326
3,Faqid Dhaliwal,faqid.dhaliwal@gmail.com,9876500327
3,Mekhala Pau,mekhala.pau@gmail.com,9876500328
3,Megha Atwal,megha.atwal@gmail.com,9876500329
3,Jatin Sha,jatin.sha@gmail.com,9876500330
3,Adweta Raj,adweta.raj@gmail.com,9876500331
3,Hritik Kaur,hritik.kaur@gmail.com,9876500332
3,Aryan Narang,aryan.narang@gmail.com,9876500333
3,Dev Shetty,dev.shetty@gmail.com,9876500334
3,Nilima Dada,nilima.dada@gmail.com,9876500335
3,Chakradev Barad,chakradev.barad@gmail.com,9876500336
3,Waida D’Alia,waida.d’alia@gmail.com,9876500337
3,Wahab Yogi,wahab.yogi@gmail.com,9876500338
3,Lipika Setty,lipika.setty@gmail.com,9876500339
3,Oni Dubey,oni.dubey@gmail.com,9876500340
3,Hardik Suri,hardik.suri@gmail.com,9876500341
3,Ati Bali,ati.bali@gmail.com,9876500342
3,Teerth Sawhney,teerth.sawhney@gmail.com,9876500343
3,Warinder Patil,warinder.patil@gmail.com,9876500344
3,Jhalak Parmer,jhalak.parmer@gmail.com,9876500345
3,Mitali Majumdar,mitali.majumdar@gmail.com,9876500346
3,Jason Sha,jason.sha@gmail.com,9876500347
3,Simon Bail,simon.bail@gmail.com,9876500348
3,Gauri Kohli,gauri.kohli@gmail.com,9876500349
3,Samesh Biswas,samesh.biswas@gmail.com,9876500350
3,Tarak Kaul,tarak.kaul@gmail.com,9876500351
3,Manbir Agate,manbir.agate@gmail.com,9876500352
3,Maanav De,maanav.de@gmail.com,9876500353
3,Owen Choudhary,owen.choudhary@gmail.com,9876500354
3,Karan Aurora,karan.aurora@gmail.com,9876500355
3,Wazir Naik,wazir.naik@gmail.com,9876500356
3,Owen Lanka,owen.lanka@gmail.com,9876500357
3,Jonathan Sama,jonathan.sama@gmail.com,9876500358
3,Devansh Soni,devansh.soni@gmail.com,9876500359
3,Janaki Varghese,janaki.varghese@gmail.com,9876500360
3,Siya Thakur,siya.thakur@gmail.com,9876500361
3,Caleb Verma,caleb.verma@gmail.com,9876500362
3,Tara Balasubramanian,tara.balasubramanian@gmail.com,9876500363
3,Varenya Ratti,varenya.ratti@gmail.com,9876500364
3,Hritik Swaminathan,hritik.swaminathan@gmail.com,9876500365
3,Ethan Buch,ethan.buch@gmail.com,9876500366
3,Manbir Bhatti,manbir.bhatti@gmail.com,9876500367
3,Anvi Nair,anvi.nair@gmail.com,9876500368
3,Chaitaly Setty,chaitaly.setty@gmail.com,9876500369
3,Hardik Contractor,hardik.contractor@gmail.com,9876500370
3,Qushi Seth,qushi.seth@gmail.com,9876500371
3,Odika Nori,odika.nori@gmail.com,9876500372
3,Mohini Sagar,mohini.sagar@gmail.com,9876500373
3,Dhriti Sane,dhriti.sane@gmail.com,9876500374
3,Aadhya Prasad,aadhya.prasad@gmail.com,9876500375
3,Urvi Bhavsar,urvi.bhavsar@gmail.com,9876500376
3,Frederick Chander,frederick.chander@gmail.com,9876500377
3,Gopal Pradhan,gopal.pradhan@gmail.com,9876500378
3,Darpan Narayan,darpan.narayan@gmail.com,9876500379
3,Nirja Pandya,nirja.pandya@gmail.com,9876500380
3,Charan Mani,charan.mani@gmail.com,9876500381
3,Indira Chawla,indira.chawla@gmail.com,9876500382
3,Mohammed Subramaniam,mohammed.subramaniam@gmail.com,9876500383
3,Hritik Palla,hritik.palla@gmail.com,9876500384
3,Ishwar Mallick,ishwar.mallick@gmail.com,9876500385
3,Pushti Bal,pushti.bal@gmail.com,9876500386
3,Ayush Gole,ayush.gole@gmail.com,9876500387
3,Dayamai Nori,dayamai.nori@gmail.com,9876500388
3,Abeer Golla,abeer.golla@gmail.com,9876500389
3,Nandini Boase,nandini.boase@gmail.com,9876500390
3,Azaan Chand,azaan.chand@gmail.com,9876500391
3,Krisha Saini,krisha.saini@gmail.com,9876500392
3,Harita Dugar,harita.dugar@gmail.com,9876500393
3,Devika Nair,devika.nair@gmail.com,9876500394
3,Charles Dugal,charles.dugal@gmail.com,9876500395
3,Chandran Bumb,chandran.bumb@gmail.com,9876500396
3,Saanvi Samra,saanvi.samra@gmail.com,9876500397
3,Riya Sachdeva,riya.sachdeva@gmail.com,9876500398
3,Tanveer Vala,tanveer.vala@gmail.com,9876500399
3,Hemani Sani,hemani.sani@gmail.com,9876500400
3,Bhanumati Sur,bhanumati.sur@gmail.com,9876500401
3,Chakradev Kannan,chakradev.kannan@gmail.com,9876500402
3,Christopher Amble,christopher.amble@gmail.com,9876500403
3,Charvi Kakar,charvi.kakar@gmail.com,9876500404
3,Aadhya Mann,aadhya.mann@gmail.com,9876500405
3,Jagdish Amble,jagdish.amble@gmail.com,9876500406
3,Qushi Gill,qushi.gill@gmail.com,9876500407
3,Lajita Walia,lajita.walia@gmail.com,9876500408
3,Xiti Pandya,xiti.pandya@gmail.com,9876500409
3,Mekhala Basak,mekhala.basak@gmail.com,9876500410
3,Anirudh Sharaf,anirudh.sharaf@gmail.com,9876500411
3,Dhriti Sanghvi,dhriti.sanghvi@gmail.com,9876500412
3,Omisha Mann,omisha.mann@gmail.com,9876500413
3,Nidhi Bail,nidhi.bail@gmail.com,9876500414
3,Onveer Sharma,onveer.sharma@gmail.com,9876500415
3,Gaurang Sarkar,gaurang.sarkar@gmail.com,9876500416
3,Yagnesh Sarin,yagnesh.sarin@gmail.com,9876500417
3,Farhan Randhawa,farhan.randhawa@gmail.com,9876500418
3,Harinakshi Kant,harinakshi.kant@gmail.com,9876500419
3,Om Bose,om.bose@gmail.com,9876500420
3,Yashvi Hari,yashvi.hari@gmail.com,9876500421
3,Indali Divan,indali.divan@gmail.com,9876500422
3,Harshil Dhingra,harshil.dhingra@gmail.com,9876500423
3,Rudra Ghose,rudra.ghose@gmail.com,9876500424
3,Faqid Goel,faqid.goel@gmail.com,9876500425
3,Ucchal Sen,ucchal.sen@gmail.com,9876500426
3,Diya Dora,diya.dora@gmail.com,9876500427
3,Ekansh Singh,ekansh.singh@gmail.com,9876500428
3,Chavvi Maharaj,chavvi.maharaj@gmail.com,9876500429
3,Indira Tripathi,indira.tripathi@gmail.com,9876500430
3,Dayita Shenoy,dayita.shenoy@gmail.com,9876500431
3,Baljiwan Bhandari,baljiwan.bhandari@gmail.com,9876500432
3,Bhavini Bose,bhavini.bose@gmail.com,9876500433
3,Yashica Rajagopalan,yashica.rajagopalan@gmail.com,9876500434
3,Benjamin Sengupta,benjamin.sengupta@gmail.com,9876500435
3,Ekanta Soni,ekanta.soni@gmail.com,9876500436
3,David Seshadri,david.seshadri@gmail.com,9876500437
3,Hemal Chad,hemal.chad@gmail.com,9876500438
3,Balveer Kota,balveer.kota@gmail.com,9876500439
3,Reva Viswanathan,reva.viswanathan@gmail.com,9876500440
3,Januja Pradhan,januja.pradhan@gmail.com,9876500441
3,Lila Rege,lila.rege@gmail.com,9876500442
3,Charles Natt,charles.natt@gmail.com,9876500443
3,Forum Chandra,forum.chandra@gmail.com,9876500444
3,Bhanumati Krishnan,bhanumati.krishnan@gmail.com,9876500445
3,Gauri Bumb,gauri.bumb@gmail.com,9876500446
3,Inaya Mukherjee,inaya.mukherjee@gmail.com,9876500447
3,Kai Chad,kai.chad@gmail.com,9876500448
3,Krisha Narasimhan,krisha.narasimhan@gmail.com,9876500449
3,Girik Sampath,girik.sampath@gmail.com,9876500450
3,Andrew Patil,andrew.patil@gmail.com,9876500451
3,Pranit Kala,pranit.kala@gmail.com,9876500452
3,Vedika Handa,vedika.handa@gmail.com,9876500453
3,Laksh Dubey,laksh.dubey@gmail.com,9876500454
3,Chakrika Chaudhuri,chakrika.chaudhuri@gmail.com,9876500455
3,Gayathri Deep,gayathri.deep@gmail.com,9876500456
3,Mitesh Gaba,mitesh.gaba@gmail.com,9876500457
3,Noah Sarma,noah.sarma@gmail.com,9876500458
3,Nirja Patla,nirja.patla@gmail.com,9876500459
3,Sachi Mane,sachi.mane@gmail.com,9876500460
3,Vivaan Walla,vivaan.walla@gmail.com,9876500461
3,Dayamai Singh,dayamai.singh@gmail.com,9876500462
3,Jhalak Sastry,jhalak.sastry@gmail.com,9876500463
3,Baghyawati Raja,baghyawati.raja@gmail.com,9876500464
3,Neel Iyengar,neel.iyengar@gmail.com,9876500465
3,Zashil Ben,zashil.ben@gmail.com,9876500466
3,Kamya Chauhan,kamya.chauhan@gmail.com,9876500467
3,Bhavani Chacko,bhavani.chacko@gmail.com,9876500468
3,Anjali Sengupta,anjali.sengupta@gmail.com,9876500469
3,Rajeshri Chand,rajeshri.chand@gmail.com,9876500470
3,Shravya Palla,shravya.palla@gmail.com,9876500471
3,Oeshi Bera,oeshi.bera@gmail.com,9876500472
3,Yadavi Prakash,yadavi.prakash@gmail.com,9876500473
3,Libni Bumb,libni.bumb@gmail.com,9876500474
3,Udarsh Bala,udarsh.bala@gmail.com,9876500475
3,Hardik Nayak,hardik.nayak@gmail.com,9876500476
3,Laksh Barad,laksh.barad@gmail.com,9876500477
3,Urmi Dewan,urmi.dewan@gmail.com,9876500478
3,Saumya Ahluwalia,saumya.ahluwalia@gmail.com,9876500479
3,Anirudh Kunda,anirudh.kunda@gmail.com,9876500480
3,Mason Wable,mason.wable@gmail.com,9876500481
3,Indrajit Mani,indrajit.mani@gmail.com,9876500482
3,Charvi Dara,charvi.dara1@gmail.com,9876500483
3,William Saini,william.saini@gmail.com,9876500484
3,Dev Choudhry,dev.choudhry@gmail.com,9876500485
3,Amol Varma,amol.varma@gmail.com,9876500486
3,Maanas Manne,maanas.manne@gmail.com,9876500487
3,Aarav Pandit,aarav.pandit@gmail.com,9876500488
3,Omaja Grover,omaja.grover@gmail.com,9876500489
3,Jalsa Bir,jalsa.bir@gmail.com,9876500490
3,Madhavi Singhal,madhavi.singhal@gmail.com,9876500491
3,Lila Prakash,lila.prakash@gmail.com,9876500492
3,Amol Parikh,amol.parikh@gmail.com,9876500493
3,Hemani Khosla,hemani.khosla@gmail.com,9876500494
3,Gaurangi Deol,gaurangi.deol@gmail.com,9876500495
3,Indira Nigam,indira.nigam@gmail.com,9876500496
3,Ucchal Srinivas,ucchal.srinivas@gmail.com,9876500497
3,Krishna Bhatnagar,krishna.bhatnagar@gmail.com,9876500498
3,Balhaar Memon,balhaar.memon@gmail.com,9876500499
3,Caleb Iyengar,caleb.iyengar@gmail.com,9876500500
3,Diya Mukherjee,diya.mukherjee@gmail.com,9876500501
3,Urvashi Kulkarni,urvashi.kulkarni@gmail.com,9876500502
3,Rayaan Mangal,rayaan.mangal@gmail.com,9876500503
3,Champak Narula,champak.narula@gmail.com,9876500504
3,Jeet Pillai,jeet.pillai@gmail.com,9876500505
3,Mugdha Sarraf,mugdha.sarraf@gmail.com,9876500506
3,Harinakshi Grover,harinakshi.grover@gmail.com,9876500507
3,Widisha Pillai,widisha.pillai@gmail.com,9876500508
3,Fitan Samra,fitan.samra@gmail.com,9876500509
3,Qushi Gole,qushi.gole@gmail.com,9876500510
3,Ekani Chauhan,ekani.chauhan@gmail.com,9876500511
3,Falak Merchant,falak.merchant@gmail.com,9876500512
3,Sanaya Sandhu,sanaya.sandhu@gmail.com,9876500513
3,Sachi Panchal,sachi.panchal@gmail.com,9876500514
3,Brijesh Pandit,brijesh.pandit@gmail.com,9876500515
3,Anvi Bhandari,anvi.bhandari@gmail.com,9876500516
3,Nidra Patla,nidra.patla@gmail.com,9876500517
3,Azaan Dhar,azaan.dhar@gmail.com,9876500518
3,Bakhshi Date,bakhshi.date@gmail.com,9876500519
3,Warinder Peri,warinder.peri@gmail.com,9876500520
3,Leela Bali,leela.bali@gmail.com,9876500521
3,Shivani Prabhakar,shivani.prabhakar@gmail.com,9876500522
3,Sachi Bose,sachi.bose@gmail.com,9876500523
3,Jeevika Rao,jeevika.rao@gmail.com,9876500524
3,Arya Krish,arya.krish@gmail.com,9876500525
3,Atharv Grewal,atharv.grewal@gmail.com,9876500526
3,Zarna Ram,zarna.ram@gmail.com,9876500527
3,Adweta Lad,adweta.lad@gmail.com,9876500528
3,Tanish Mangal,tanish.mangal@gmail.com,9876500529
3,Ryan Das,ryan.das@gmail.com,9876500530
3,Ethan Seth,ethan.seth@gmail.com,9876500531
3,Sai Chahal,sai.chahal@gmail.com,9876500532
3,Idika Bhattacharyya,idika.bhattacharyya@gmail.com,9876500533
3,Charita Dugar,charita.dugar@gmail.com,9876500534
3,Janaki Trivedi,janaki.trivedi@gmail.com,9876500535
3,Jairaj Iyer,jairaj.iyer@gmail.com,9876500536
3,Warjas Tak,warjas.tak@gmail.com,9876500537
3,Jalsa Pillay,jalsa.pillay@gmail.com,9876500538
3,Kai Chadha,kai.chadha@gmail.com,9876500539
3,Dayamai Rao,dayamai.rao@gmail.com,9876500540
3,Nirja Rout,nirja.rout@gmail.com,9876500541
3,Jeremiah Nadig,jeremiah.nadig@gmail.com,9876500542
3,Shivani Shukla,shivani.shukla@gmail.com,9876500543
3,Kabir Gopal,kabir.gopal@gmail.com,9876500544
3,Rachita Thakkar,rachita.thakkar@gmail.com,9876500545
3,Jeet Vasa,jeet.vasa@gmail.com,9876500546
3,Daksha Gala,daksha.gala@gmail.com,9876500547
3,Ekantika Kar,ekantika.kar@gmail.com,9876500548
3,Zilmil Mander,zilmil.mander@gmail.com,9876500549
3,Zashil Hegde,zashil.hegde@gmail.com,9876500550
3,Jeremiah Mitter,jeremiah.mitter@gmail.com,9876500551
3,Yadavi Ganguly,yadavi.ganguly@gmail.com,9876500552
3,Onveer Nazareth,onveer.nazareth@gmail.com,9876500553
3,Ayush Bumb,ayush.bumb@gmail.com,9876500554
3,Alka Kade,alka.kade@gmail.com,9876500555
3,Azaan Tank,azaan.tank@gmail.com,9876500556
3,Chasmum Subramanian,chasmum.subramanian@gmail.com,9876500557
3,Nidra Mishra,nidra.mishra@gmail.com,9876500558
3,Elijah Bhasin,elijah.bhasin@gmail.com,9876500559
3,Ria Sagar,ria.sagar@gmail.com,9876500560
3,Ucchal Jani,ucchal.jani@gmail.com,9876500561
3,Maanas Munshi,maanas.munshi@gmail.com,9876500562
3,Hemani Rastogi,hemani.rastogi@gmail.com,9876500563
3,Kamala Varma,kamala.varma@gmail.com,9876500564
3,Eiravati Khurana,eiravati.khurana@gmail.com,9876500565
3,Jason Loke,jason.loke@gmail.com,9876500566
3,Yug Dhaliwal,yug.dhaliwal@gmail.com,9876500567
3,Chandresh Mannan,chandresh.mannan@gmail.com,9876500568
3,Omya Kothari,omya.kothari@gmail.com,9876500569
3,Falak Munshi,falak.munshi@gmail.com,9876500570
3,Nathaniel Tara,nathaniel.tara@gmail.com,9876500571
3,Wishi Morar,wishi.morar@gmail.com,9876500572
3,Arin Chana,arin.chana@gmail.com,9876500573
3,Yashasvi Shankar,yashasvi.shankar@gmail.com,9876500574
3,Tanveer Pandit,tanveer.pandit@gmail.com,9876500575
3,Chandresh Manda,chandresh.manda@gmail.com,9876500576
3,Upma Mangal,upma.mangal@gmail.com,9876500577
3,Hritik Sankar,hritik.sankar@gmail.com,9876500578
3,Aishani Pau,aishani.pau@gmail.com,9876500579
3,Jasmit Bath,jasmit.bath@gmail.com,9876500580
3,Charan Hayer,charan.hayer@gmail.com,9876500581
3,Bhavya Borah,bhavya.borah@gmail.com,9876500582
3,Yamini Seshadri,yamini.seshadri@gmail.com,9876500583
3,Jagat Dave,jagat.dave@gmail.com,9876500584
3,Meera Prakash,meera.prakash@gmail.com,9876500585
3,Jasmit Dhawan,jasmit.dhawan@gmail.com,9876500586
3,Yashodhara Ratti,yashodhara.ratti@gmail.com,9876500587
3,Chakradev Barad,chakradev.barad1@gmail.com,9876500588
3,Gauri Som,gauri.som@gmail.com,9876500589
3,Manthan Varma,manthan.varma@gmail.com,9876500590
3,Falak Nagar,falak.nagar@gmail.com,9876500591
3,Maya Mistry,maya.mistry@gmail.com,9876500592
3,Yashica Upadhyay,yashica.upadhyay@gmail.com,9876500593
3,Chandani Soman,chandani.soman@gmail.com,9876500594
3,Jyoti Narula,jyoti.narula@gmail.com,9876500595
3,Omaja Morar,omaja.morar@gmail.com,9876500596
3,Urvi Lanka,urvi.lanka@gmail.com,9876500597
3,Charan Srinivasan,charan.srinivasan@gmail.com,9876500598
3,Lajita Divan,lajita.divan@gmail.com,9876500599
3,Azad Choudhary,azad.choudhary@gmail.com,9876500600
3,Anirudh Sastry,anirudh.sastry@gmail.com,9876500601
3,Omya Doshi,omya.doshi@gmail.com,9876500602
3,Samar Roy,samar.roy@gmail.com,9876500603
3,David Devi,david.devi@gmail.com,9876500604
3,Ekta Sridhar,ekta.sridhar@gmail.com,9876500605
3,Dipta Ghose,dipta.ghose@gmail.com,9876500606
3,Hema Pandya,hema.pandya@gmail.com,9876500607
3,Veda Handa,veda.handa@gmail.com,9876500608
3,Arya Misra,arya.misra@gmail.com,9876500609
3,Chameli Mani,chameli.mani@gmail.com,9876500610
3,Vrinda Nadig,vrinda.nadig@gmail.com,9876500611
3,Ikshita Mahal,ikshita.mahal@gmail.com,9876500612
3,Jairaj Raghavan,jairaj.raghavan@gmail.com,9876500613
3,Hemani Dhingra,hemani.dhingra@gmail.com,9876500614
3,Brijesh Mani,brijesh.mani@gmail.com,9876500615
3,Hiral Sathe,hiral.sathe@gmail.com,9876500616
3,Varenya Kala,varenya.kala@gmail.com,9876500617
3,Anika Magar,anika.magar@gmail.com,9876500618
3,Ikbal Khatri,ikbal.khatri@gmail.com,9876500619
3,Chandresh Wali,chandresh.wali@gmail.com,9876500620
3,Viraj Ben,viraj.ben@gmail.com,9876500621
3,Odika Narayanan,odika.narayanan@gmail.com,9876500622
3,Harish Devan,harish.devan@gmail.com,9876500623
3,Nakul Ray,nakul.ray@gmail.com,9876500624
3,Vansha Iyengar,vansha.iyengar@gmail.com,9876500625
3,Ekani Mangal,ekani.mangal@gmail.com,9876500626
3,Gaurav Kata,gaurav.kata@gmail.com,9876500627
3,Parth Sahni,parth.sahni@gmail.com,9876500628
3,Balhaar Ranganathan,balhaar.ranganathan@gmail.com,9876500629
3,Quincy Mann,quincy.mann@gmail.com,9876500630
3,Aditya Misra,aditya.misra@gmail.com,9876500631
3,Gautami Mane,gautami.mane@gmail.com,9876500632
3,Wakeeta Desai,wakeeta.desai@gmail.com,9876500633
3,Anjali Hans,anjali.hans@gmail.com,9876500634
3,Ganga Gaba,ganga.gaba@gmail.com,9876500635
3,Aarini Grewal,aarini.grewal@gmail.com,9876500636
3,Geetika Merchant,geetika.merchant@gmail.com,9876500637
3,Parth Ravi,parth.ravi@gmail.com,9876500638
3,Yutika Narang,yutika.narang@gmail.com,9876500639
3,Nandini Chandran,nandini.chandran@gmail.com,9876500640
3,Logan Sood,logan.sood@gmail.com,9876500641
3,Yuvraj Ahuja,yuvraj.ahuja@gmail.com,9876500642
3,Leela Keer,leela.keer@gmail.com,9876500643
3,Amara Narayan,amara.narayan@gmail.com,9876500644
3,Advay Lal,advay.lal@gmail.com,9876500645
3,Warinder Bhatia,warinder.bhatia@gmail.com,9876500646
3,Udyati Mohanty,udyati.mohanty@gmail.com,9876500647
3,Nidra Thakkar,nidra.thakkar@gmail.com,9876500648
3,Jacob Merchant,jacob.merchant@gmail.com,9876500649
3,Timothy Kanda,timothy.kanda@gmail.com,9876500650
3,Vanya Dua,vanya.dua@gmail.com,9876500651
3,Kashvi Sagar,kashvi.sagar@gmail.com,9876500652
3,Tejas Kota,tejas.kota@gmail.com,9876500653
3,Sanya Wable,sanya.wable@gmail.com,9876500654
3,Faras Choudhury,faras.choudhury@gmail.com,9876500655
3,Yashasvi Jain,yashasvi.jain@gmail.com,9876500656
3,Nitesh Narang,nitesh.narang@gmail.com,9876500657
3,Jackson Jha,jackson.jha@gmail.com,9876500658
3,Gavin Uppal,gavin.uppal@gmail.com,9876500659
3,Christopher Setty,christopher.setty@gmail.com,9876500660
3,Yochana Sagar,yochana.sagar@gmail.com,9876500661
3,Dalbir Shere,dalbir.shere@gmail.com,9876500662
3,Anthony Randhawa,anthony.randhawa@gmail.com,9876500663
3,Aarush Kamdar,aarush.kamdar@gmail.com,9876500664
3,Chakradev Sampath,chakradev.sampath@gmail.com,9876500665
3,Devansh Bhasin,devansh.bhasin@gmail.com,9876500666
3,Urmi Balay,urmi.balay@gmail.com,9876500667
3,Nilima Gole,nilima.gole@gmail.com,9876500668
3,Osha Prasad,osha.prasad@gmail.com,9876500669
3,Saumya Purohit,saumya.purohit@gmail.com,9876500670
3,Faris Zacharia,faris.zacharia@gmail.com,9876500671
3,Ijaya Dani,ijaya.dani@gmail.com,9876500672
3,Maya Wadhwa,maya.wadhwa@gmail.com,9876500673
3,Udant Aggarwal,udant.aggarwal@gmail.com,9876500674
3,Chanchal Sheth,chanchal.sheth@gmail.com,9876500675
3,Ladli Karpe,ladli.karpe@gmail.com,9876500676
3,Triveni Pal,triveni.pal@gmail.com,9876500677
3,Anya Gulati,anya.gulati@gmail.com,9876500678
3,Azad Saini,azad.saini@gmail.com,9876500679
3,Wridesh Jhaveri,wridesh.jhaveri@gmail.com,9876500680
3,Harrison Bandi,harrison.bandi@gmail.com,9876500681
3,Chanakya Konda,chanakya.konda@gmail.com,9876500682
3,Neelima Sarna,neelima.sarna@gmail.com,9876500683
3,Teerth Bhalla,teerth.bhalla@gmail.com,9876500684
3,Yahvi Mann,yahvi.mann@gmail.com,9876500685
3,Eiravati Nagi,eiravati.nagi@gmail.com,9876500686
3,Chasmum Dhar,chasmum.dhar@gmail.com,9876500687
3,Odika Mital,odika.mital@gmail.com,9876500688
3,Darsh Gill,darsh.gill@gmail.com,9876500689
3,Warhi Batta,warhi.batta@gmail.com,9876500690
3,Lakshmi Vohra,lakshmi.vohra@gmail.com,9876500691
3,Omaja Rege,omaja.rege@gmail.com,9876500692
3,Charita Puri,charita.puri@gmail.com,9876500693
3,Urvashi Khosla,urvashi.khosla@gmail.com,9876500694
3,Charita Dhawan,charita.dhawan@gmail.com,9876500695
3,Dalbir Sachar,dalbir.sachar@gmail.com,9876500696
3,Krish Rama,krish.rama@gmail.com,9876500697
3,Aadhya Jani,aadhya.jani@gmail.com,9876500698
3,Farhan Sengupta,farhan.sengupta@gmail.com,9876500699
3,George Wason,george.wason@gmail.com,9876500700
3,Charan Loyal,charan.loyal@gmail.com,9876500701
3,Balveer Bora,balveer.bora@gmail.com,9876500702
3,Teerth Srinivas,teerth.srinivas@gmail.com,9876500703
3,Gaurangi Mitter,gaurangi.mitter@gmail.com,9876500704
3,Siddharth Gupta,siddharth.gupta@gmail.com,9876500705
3,Varenya Kibe,varenya.kibe@gmail.com,9876500706
3,Mekhala Khatri,mekhala.khatri@gmail.com,9876500707
3,Barkha Rai,barkha.rai@gmail.com,9876500708
3,Jagrati Morar,jagrati.morar@gmail.com,9876500709
3,Jagvi Varghese,jagvi.varghese@gmail.com,9876500710
3,Unnati Chaudhari,unnati.chaudhari@gmail.com,9876500711
3,Ekaja Jani,ekaja.jani@gmail.com,9876500712
3,Dhriti Sachdev,dhriti.sachdev@gmail.com,9876500713
3,Timothy Dhingra,timothy.dhingra@gmail.com,9876500714
3,Advika Sahni,advika.sahni@gmail.com,9876500715
3,Michael Hayre,michael.hayre@gmail.com,9876500716
3,Victor Raghavan,victor.raghavan@gmail.com,9876500717
3,Xalak Nazareth,xalak.nazareth@gmail.com,9876500718
3,Vrinda Swaminathan,vrinda.swaminathan@gmail.com,9876500719
3,Om Pandey,om.pandey@gmail.com,9876500720
3,Logan Suresh,logan.suresh@gmail.com,9876500721
3,Daniel Viswanathan,daniel.viswanathan@gmail.com,9876500722
3,Falan Bava,falan.bava@gmail.com,9876500723
3,Nitara Devan,nitara.devan@gmail.com,9876500724
3,Ekansh Dora,ekansh.dora@gmail.com,9876500725
3,Tejas Tiwari,tejas.tiwari@gmail.com,9876500726
3,Kashvi Bhasin,kashvi.bhasin@gmail.com,9876500727
3,Vinaya Babu,vinaya.babu@gmail.com,9876500728
3,Nisha Arora,nisha.arora@gmail.com,9876500729
3,Anvi Wason,anvi.wason@gmail.com,9876500730
3,Anay Thakkar,anay.thakkar@gmail.com,9876500731
3,Praneel Chhabra,praneel.chhabra@gmail.com,9876500732
3,Manthan Khosla,manthan.khosla@gmail.com,9876500733
3,Zayyan Pandya,zayyan.pandya@gmail.com,9876500734
3,Mekhala Brar,mekhala.brar@gmail.com,9876500735
3,Nidra Sharaf,nidra.sharaf@gmail.com,9876500736
3,Upkaar Mital,upkaar.mital@gmail.com,9876500737
3,Azad Chander,azad.chander@gmail.com,9876500738
3,Ladli Purohit,ladli.purohit@gmail.com,9876500739
3,Daksh Andra,daksh.andra@gmail.com,9876500740
3,Fitan Tata,fitan.tata@gmail.com,9876500741
3,Garima Chandran,garima.chandran@gmail.com,9876500742
3,Victor Kakar,victor.kakar@gmail.com,9876500743
3,Anika Batra,anika.batra@gmail.com,9876500744
3,Avni Bali,avni.bali@gmail.com,9876500745
3,Divya Babu,divya.babu@gmail.com,9876500746
3,Maanas Rao,maanas.rao@gmail.com,9876500747
3,Chandani Gaba,chandani.gaba@gmail.com,9876500748
3,Lopa Zachariah,lopa.zachariah@gmail.com,9876500749
3,Leena Dey,leena.dey@gmail.com,9876500750
3,Xiti Pal,xiti.pal@gmail.com,9876500751
3,Guneet Sarkar,guneet.sarkar@gmail.com,9876500752
3,Faqid Oak,faqid.oak@gmail.com,9876500753
3,Eta Balan,eta.balan@gmail.com,9876500754
3,Shravya Swaminathan,shravya.swaminathan@gmail.com,9876500755
3,Ishani Prashad,ishani.prashad@gmail.com,9876500756
3,Quincy Rai,quincy.rai@gmail.com,9876500757
3,Chakrika Koshy,chakrika.koshy@gmail.com,9876500758
3,Fitan Loyal,fitan.loyal@gmail.com,9876500759
3,Lajita Dube,lajita.dube@gmail.com,9876500760
3,Edhitha Patel,edhitha.patel@gmail.com,9876500761
3,Gavin Ahluwalia,gavin.ahluwalia@gmail.com,9876500762
3,Sai Parsa,sai.parsa@gmail.com,9876500763
3,Harsh Deo,harsh.deo@gmail.com,9876500764
3,Rachit Sankar,rachit.sankar@gmail.com,9876500765
3,Yauvani Reddy,yauvani.reddy@gmail.com,9876500766
3,Atharv Chakraborty,atharv.chakraborty@gmail.com,9876500767
3,Girik Nair,girik.nair@gmail.com,9876500768
3,Advik Manne,advik.manne@gmail.com,9876500769
3,Lipika Chad,lipika.chad@gmail.com,9876500770
3,Omkaar Rai,omkaar.rai@gmail.com,9876500771
3,Liam Luthra,liam.luthra@gmail.com,9876500772
3,Amrita Tailor,amrita.tailor@gmail.com,9876500773
3,Dev Ganesh,dev.ganesh@gmail.com,9876500774
3,Anya Sama,anya.sama@gmail.com,9876500775
3,Veda Bose,veda.bose@gmail.com,9876500776
3,Zayan Koshy,zayan.koshy@gmail.com,9876500777
3,Rohan Shankar,rohan.shankar@gmail.com,9876500778
3,Krishna Modi,krishna.modi@gmail.com,9876500779
3,Meghana Natarajan,meghana.natarajan@gmail.com,9876500780
3,Forum Sarraf,forum.sarraf@gmail.com,9876500781
3,Qushi Deshpande,qushi.deshpande@gmail.com,9876500782
3,Ekani Iyer,ekani.iyer@gmail.com,9876500783
3,Dipta Goel,dipta.goel@gmail.com,9876500784
3,Eiravati Manne,eiravati.manne@gmail.com,9876500785
3,Xavier Nanda,xavier.nanda@gmail.com,9876500786
3,Avni Ramaswamy,avni.ramaswamy@gmail.com,9876500787
3,Ishaan Iyengar,ishaan.iyengar@gmail.com,9876500788
3,Avi Shenoy,avi.shenoy@gmail.com,9876500789
3,Raksha Manne,raksha.manne@gmail.com,9876500790
3,Nilima Tata,nilima.tata@gmail.com,9876500791
3,Chavvi Khurana,chavvi.khurana@gmail.com,9876500792
3,Mitesh Sampath,mitesh.sampath@gmail.com,9876500793
3,Ethan Sen,ethan.sen@gmail.com,9876500794
3,Nandini Warrior,nandini.warrior@gmail.com,9876500795
3,Balhaar Parsa,balhaar.parsa@gmail.com,9876500796
3,Ikbal Kothari,ikbal.kothari1@gmail.com,9876500797
3,Ojas Basu,ojas.basu@gmail.com,9876500798
3,Garima Sani,garima.sani@gmail.com,9876500799
3,Advaith Chaudhari,advaith.chaudhari@gmail.com,9876500800
3,Tristan Uppal,tristan.uppal@gmail.com,9876500801
3,Sanaya Prasad,sanaya.prasad@gmail.com,9876500802
3,Ubika Tella,ubika.tella@gmail.com,9876500803
3,Hemani Bakshi,hemani.bakshi@gmail.com,9876500804
3,Henry Merchant,henry.merchant@gmail.com,9876500805
3,Frederick D’Alia,frederick.d’alia@gmail.com,9876500806
3,Ijaya Muni,ijaya.muni@gmail.com,9876500807
3,Tamanna Jhaveri,tamanna.jhaveri@gmail.com,9876500808
3,Ijaya Soni,ijaya.soni@gmail.com,9876500809
3,Raksha Sethi,raksha.sethi@gmail.com,9876500810
3,Ekalinga Mital,ekalinga.mital@gmail.com,9876500811
3,Ishwar Bajaj,ishwar.bajaj@gmail.com,9876500812
3,Ikbal Gala,ikbal.gala@gmail.com,9876500813
3,Zaitra Ghosh,zaitra.ghosh@gmail.com,9876500814
3,Ganga Sandhu,ganga.sandhu@gmail.com,9876500815
3,Vincent Ravel,vincent.ravel@gmail.com,9876500816
3,Quincy Sankaran,quincy.sankaran@gmail.com,9876500817
3,Ayush Hora,ayush.hora@gmail.com,9876500818
3,Pushti Ramachandran,pushti.ramachandran@gmail.com,9876500819
3,Tanish Jha,tanish.jha@gmail.com,9876500820
3,Dev Chaudry,dev.chaudry@gmail.com,9876500821
3,Jasmit Nanda,jasmit.nanda@gmail.com,9876500822
3,Tanvi Comar,tanvi.comar@gmail.com,9876500823
3,Vrishti Wable,vrishti.wable@gmail.com,9876500824
3,Lipika Ramanathan,lipika.ramanathan@gmail.com,9876500825
3,Ijaya Pandey,ijaya.pandey@gmail.com,9876500826
3,Orinder Mishra,orinder.mishra@gmail.com,9876500827
3,Krish Munshi,krish.munshi@gmail.com,9876500828
3,William Mody,william.mody@gmail.com,9876500829
3,Qadim Prakash,qadim.prakash@gmail.com,9876500830
3,Yasti Rama,yasti.rama@gmail.com,9876500831
3,Lakshit Rajagopal,lakshit.rajagopal@gmail.com,9876500832
3,Quincy Sur,quincy.sur@gmail.com,9876500833
3,Ojas Suri,ojas.suri@gmail.com,9876500834
3,Logan Grover,logan.grover@gmail.com,9876500835
3,Shravya Bera,shravya.bera@gmail.com,9876500836
3,Aditya Sundaram,aditya.sundaram@gmail.com,9876500837
3,Robert Rajagopalan,robert.rajagopalan@gmail.com,9876500838
3,Nilima Swamy,nilima.swamy@gmail.com,9876500839
3,Sachi Suresh,sachi.suresh@gmail.com,9876500840
3,Fitan Balasubramanian,fitan.balasubramanian@gmail.com,9876500841
3,Brinda Bali,brinda.bali@gmail.com,9876500842
3,Umang Yogi,umang.yogi@gmail.com,9876500843
3,Om Shankar,om.shankar@gmail.com,9876500844
3,Yasti Chowdhury,yasti.chowdhury@gmail.com,9876500845
3,Amrita Peri,amrita.peri@gmail.com,9876500846
3,Ridhi Kamdar,ridhi.kamdar@gmail.com,9876500847
3,Harsh Kota,harsh.kota@gmail.com,9876500848
3,Bachittar Sengupta,bachittar.sengupta@gmail.com,9876500849
3,Ijaya Chahal,ijaya.chahal@gmail.com,9876500850
3,Jacob Khalsa,jacob.khalsa@gmail.com,9876500851
3,Indali Sangha,indali.sangha@gmail.com,9876500852
3,Liam Jhaveri,liam.jhaveri@gmail.com,9876500853
3,Daniel Panchal,daniel.panchal@gmail.com,9876500854
3,Om Naik,om.naik@gmail.com,9876500855
3,Bimala Loke,bimala.loke@gmail.com,9876500856
3,Krishna Sabharwal,krishna.sabharwal@gmail.com,9876500857
3,Aradhana Date,aradhana.date@gmail.com,9876500858
3,Zaid Dhingra,zaid.dhingra@gmail.com,9876500859
3,Yug Ramaswamy,yug.ramaswamy@gmail.com,9876500860
3,Lucky Luthra,lucky.luthra@gmail.com,9876500861
3,Keya Seth,keya.seth@gmail.com,9876500862
3,Girik Rau,girik.rau@gmail.com,9876500863
3,Jyoti Sha,jyoti.sha@gmail.com,9876500864
3,Falak Agate,falak.agate@gmail.com,9876500865
3,Tara Parmar,tara.parmar@gmail.com,9876500866
3,Mitali Kamdar,mitali.kamdar@gmail.com,9876500867
3,Siddharth Talwar,siddharth.talwar@gmail.com,9876500868
3,Ekantika Mander,ekantika.mander@gmail.com,9876500869
3,Kalpit Sundaram,kalpit.sundaram@gmail.com,9876500870
3,Chanakya Batra,chanakya.batra@gmail.com,9876500871
3,Tripti Babu,tripti.babu@gmail.com,9876500872
3,Nakul Sastry,nakul.sastry@gmail.com,9876500873
3,Aadi Sangha,aadi.sangha@gmail.com,9876500874
3,Kevin Mittal,kevin.mittal@gmail.com,9876500875
3,Anusha Chander,anusha.chander@gmail.com,9876500876
3,Zashil Butala,zashil.butala@gmail.com,9876500877
3,Noah Ben,noah.ben@gmail.com,9876500878
3,Dalaja Kaur,dalaja.kaur@gmail.com,9876500879
3,Gavin Chandran,gavin.chandran@gmail.com,9876500880
3,Tanay Sood,tanay.sood@gmail.com,9876500881
3,Kevin Kara,kevin.kara@gmail.com,9876500882
3,Aditya Anand,aditya.anand@gmail.com,9876500883
3,Jai Sami,jai.sami@gmail.com,9876500884
3,Vanya Bobal,vanya.bobal@gmail.com,9876500885
3,Leela Chakraborty,leela.chakraborty@gmail.com,9876500886
3,Harshil Munshi,harshil.munshi@gmail.com,9876500887
3,Chandani Devan,chandani.devan@gmail.com,9876500888
3,Kiaan Dhar,kiaan.dhar@gmail.com,9876500889
3,Abhiram Gala,abhiram.gala@gmail.com,9876500890
3,Indali Kala,indali.kala@gmail.com,9876500891
3,Nisha Savant,nisha.savant@gmail.com,9876500892
3,Gabriel Chaudhry,gabriel.chaudhry@gmail.com,9876500893
3,Jatin Rajagopalan,jatin.rajagopalan@gmail.com,9876500894
3,Pushti Murty,pushti.murty@gmail.com,9876500895
3,Yug Malhotra,yug.malhotra@gmail.com,9876500896
3,Yuvraj Mane,yuvraj.mane@gmail.com,9876500897
3,Charvi Jha,charvi.jha@gmail.com,9876500898
3,Manya Merchant,manya.merchant@gmail.com,9876500899
3,Wriddhish Talwar,wriddhish.talwar@gmail.com,9876500900
3,Isaiah Khosla,isaiah.khosla@gmail.com,9876500901
3,Ekavir Wable,ekavir.wable@gmail.com,9876500902
3,Jalsa Nadig,jalsa.nadig@gmail.com,9876500903
3,Lila Salvi,lila.salvi@gmail.com,9876500904
3,Orinder Sinha,orinder.sinha@gmail.com,9876500905
3,Anay Bir,anay.bir@gmail.com,9876500906
3,Adweta Kale,adweta.kale@gmail.com,9876500907
3,Darpan Rao,darpan.rao@gmail.com,9876500908
3,Yachana Sagar,yachana.sagar@gmail.com,9876500909
3,Neelima Butala,neelima.butala@gmail.com,9876500910
3,Arunima Chacko,arunima.chacko@gmail.com,9876500911
3,Farhan Vaidya,farhan.vaidya@gmail.com,9876500912
3,Nachiket Yadav,nachiket.yadav@gmail.com,9876500913
3,Mahika Bhatti,mahika.bhatti@gmail.com,9876500914
3,Rajeshri Khare,rajeshri.khare@gmail.com,9876500915
3,Yash Chadha,yash.chadha@gmail.com,9876500916
3,Jack Setty,jack.setty@gmail.com,9876500917
3,Dayamai Gill,dayamai.gill@gmail.com,9876500918
3,Advik Devan,advik.devan@gmail.com,9876500919
3,Nihal Taneja,nihal.taneja@gmail.com,9876500920
3,Zansi Lad,zansi.lad@gmail.com,9876500921
3,Kamya Date,kamya.date@gmail.com,9876500922
3,Jacob Balan,jacob.balan@gmail.com,9876500923
3,Pushti Magar,pushti.magar@gmail.com,9876500924
3,Adya Bose,adya.bose@gmail.com,9876500925
3,Tamanna Vaidya,tamanna.vaidya@gmail.com,9876500926
3,Christopher Tata,christopher.tata@gmail.com,9876500927
3,Jhalak Dugar,jhalak.dugar@gmail.com,9876500928
3,Harshil D’Alia,harshil.d’alia@gmail.com,9876500929
3,Yashodhara Agate,yashodhara.agate@gmail.com,9876500930
3,Advik Konda,advik.konda@gmail.com,9876500931
3,Urmi Patla,urmi.patla@gmail.com,9876500932
3,Mason Gola,mason.gola@gmail.com,9876500933
3,Oni Kapur,oni.kapur@gmail.com,9876500934
3,Yuvraj Saha,yuvraj.saha@gmail.com,9876500935
3,Anika Brahmbhatt,anika.brahmbhatt@gmail.com,9876500936
3,Jagdish Thakkar,jagdish.thakkar@gmail.com,9876500937
3,Praneel Kapoor,praneel.kapoor@gmail.com,9876500938
3,Nandini Biswas,nandini.biswas@gmail.com,9876500939
3,Barkha Mukhopadhyay,barkha.mukhopadhyay@gmail.com,9876500940
3,Gabriel Shan,gabriel.shan@gmail.com,9876500941
3,Jyoti Iyer,jyoti.iyer@gmail.com,9876500942
3,Daksha Kibe,daksha.kibe@gmail.com,9876500943
3,Jyoti Tak,jyoti.tak@gmail.com,9876500944
3,Yatan Dora,yatan.dora@gmail.com,9876500945
3,Nimrat Bajwa,nimrat.bajwa@gmail.com,9876500946
3,Hiral Andra,hiral.andra@gmail.com,9876500947
3,Aarav Puri,aarav.puri@gmail.com,9876500948
3,Hemang Jha,hemang.jha@gmail.com,9876500949
3,Oni Swamy,oni.swamy@gmail.com,9876500950
3,Lucky Mammen,lucky.mammen@gmail.com,9876500951
3,Caleb Kata,caleb.kata@gmail.com,9876500952
3,Kashish Shanker,kashish.shanker@gmail.com,9876500953
3,Girish Tiwari,girish.tiwari@gmail.com,9876500954
3,Meera Borde,meera.borde@gmail.com,9876500955
3,Radhika De,radhika.de@gmail.com,9876500956
3,Bishakha Lal,bishakha.lal@gmail.com,9876500957
3,Maya Narain,maya.narain@gmail.com,9876500958
3,Sneha Magar,sneha.magar@gmail.com,9876500959
3,Falan Jain,falan.jain@gmail.com,9876500960
3,Ikbal Dugal,ikbal.dugal@gmail.com,9876500961
3,Nitesh Sengupta,nitesh.sengupta@gmail.com,9876500962
3,Dipta Ray,dipta.ray@gmail.com,9876500963
3,Ishita Johal,ishita.johal@gmail.com,9876500964
3,Darika Sheth,darika.sheth@gmail.com,9876500965
3,Jagdish Chana,jagdish.chana@gmail.com,9876500966
3,Daksha Baria,daksha.baria@gmail.com,9876500967
3,Falak Divan,falak.divan@gmail.com,9876500968
3,Yuvraj Parekh,yuvraj.parekh@gmail.com,9876500969
3,Yochana Bawa,yochana.bawa@gmail.com,9876500970
3,Abha Ghosh,abha.ghosh@gmail.com,9876500971
3,Nidhi Sethi,nidhi.sethi@gmail.com,9876500972
3,Girindra Shere,girindra.shere@gmail.com,9876500973
3,Logan Dara,logan.dara@gmail.com,9876500974
3,David Kapadia,david.kapadia@gmail.com,9876500975
3,Rudra Rattan,rudra.rattan@gmail.com,9876500976
3,Frado Lad,frado.lad@gmail.com,9876500977
3,Anthony Bhattacharyya,anthony.bhattacharyya@gmail.com,9876500978
3,Sachi Dave,sachi.dave@gmail.com,9876500979
3,Garima Das,garima.das@gmail.com,9876500980
3,Triya Bedi,triya.bedi@gmail.com,9876500981
3,Rachita Rana,rachita.rana@gmail.com,9876500982
3,Ayushman Raja,ayushman.raja@gmail.com,9876500983
3,Orinder Pandya,orinder.pandya@gmail.com,9876500984
3,Rachit Maharaj,rachit.maharaj@gmail.com,9876500985
3,Sanaya Dixit,sanaya.dixit@gmail.com,9876500986
3,Yatan Merchant,yatan.merchant@gmail.com,9876500987
3,Nisha Srinivas,nisha.srinivas@gmail.com,9876500988
3,Gagan Mammen,gagan.mammen@gmail.com,9876500989
3,Laksh Saini,laksh.saini@gmail.com,9876500990
3,Zaid Bahl,zaid.bahl@gmail.com,9876500991
3,Jagrati Srinivasan,jagrati.srinivasan@gmail.com,9876500992
3,Hemangini Thakkar,hemangini.thakkar@gmail.com,9876500993
3,Lipika Madan,lipika.madan@gmail.com,9876500994
3,Atharv Nagar,atharv.nagar@gmail.com,9876500995
3,Ayushman Mand,ayushman.mand@gmail.com,9876500996
3,Urmi Wagle,urmi.wagle@gmail.com,9876500997
3,Viraj Dutta,viraj.dutta@gmail.com,9876500998
3,Yug Khosla,yug.khosla@gmail.com,9876500999
3,Daksh Kanda,daksh.kanda@gmail.com,9876501000
