topic_id,video_title,duration
1,Video Lesson for Topic 1,15:20
2,Video Lesson for Topic 2,30:00:00
3,Video Lesson for Topic 3,25:30:00
4,Video Lesson for Topic 4,20:00
5,Video Lesson for Topic 5,10:00
6,Video Lesson for Topic 6,08:15
7,Video Lesson for Topic 7,08:15
8,Video Lesson for Topic 8,08:15
9,Video Lesson for Topic 9,25:30:00
10,Video Lesson for Topic 10,18:10
11,Video Lesson for Topic 11,05:30
12,Video Lesson for Topic 12,30:00:00
13,Video Lesson for Topic 13,15:20
14,Video Lesson for Topic 14,05:30
15,Video Lesson for Topic 15,30:00:00
16,Video Lesson for Topic 16,05:30
17,Video Lesson for Topic 17,08:15
18,Video Lesson for Topic 18,20:00
19,Video Lesson for Topic 19,10:00
20,Video Lesson for Topic 20,15:20
21,Video Lesson for Topic 21,10:00
22,Video Lesson for Topic 22,18:10
23,Video Lesson for Topic 23,08:15
24,Video Lesson for Topic 24,30:00:00
25,Video Lesson for Topic 25,20:00
26,Video Lesson for Topic 26,30:00:00
27,Video Lesson for Topic 27,15:20
28,Video Lesson for Topic 28,20:00
29,Video Lesson for Topic 29,18:10
30,Video Lesson for Topic 30,30:00:00
31,Video Lesson for Topic 31,25:30:00
32,Video Lesson for Topic 32,12:45
33,Video Lesson for Topic 33,20:00
34,Video Lesson for Topic 34,18:10
35,Video Lesson for Topic 35,05:30
36,Video Lesson for Topic 36,15:20
37,Video Lesson for Topic 37,10:00
38,Video Lesson for Topic 38,18:10
39,Video Lesson for Topic 39,25:30:00
40,Video Lesson for Topic 40,25:30:00
41,Video Lesson for Topic 41,30:00:00
42,Video Lesson for Topic 42,30:00:00
43,Video Lesson for Topic 43,20:00
44,Video Lesson for Topic 44,08:15
45,Video Lesson for Topic 45,05:30
46,Video Lesson for Topic 46,18:10
47,Video Lesson for Topic 47,18:10
48,Video Lesson for Topic 48,10:00
49,Video Lesson for Topic 49,25:30:00
50,Video Lesson for Topic 50,10:00
51,Video Lesson for Topic 51,25:30:00
52,Video Lesson for Topic 52,08:15
53,Video Lesson for Topic 53,05:30
54,Video Lesson for Topic 54,08:15
55,Video Lesson for Topic 55,12:45
56,Video Lesson for Topic 56,05:30
57,Video Lesson for Topic 57,20:00
58,Video Lesson for Topic 58,30:00:00
59,Video Lesson for Topic 59,30:00:00
60,Video Lesson for Topic 60,12:45
61,Video Lesson for Topic 61,08:15
62,Video Lesson for Topic 62,05:30
63,Video Lesson for Topic 63,12:45
64,Video Lesson for Topic 64,05:30
65,Video Lesson for Topic 65,12:45
66,Video Lesson for Topic 66,08:15
67,Video Lesson for Topic 67,05:30
68,Video Lesson for Topic 68,18:10
69,Video Lesson for Topic 69,10:00
70,Video Lesson for Topic 70,12:45
71,Video Lesson for Topic 71,10:00
72,Video Lesson for Topic 72,05:30
73,Video Lesson for Topic 73,20:00
74,Video Lesson for Topic 74,12:45
75,Video Lesson for Topic 75,25:30:00
76,Video Lesson for Topic 76,15:20
77,Video Lesson for Topic 77,05:30
78,Video Lesson for Topic 78,30:00:00
79,Video Lesson for Topic 79,20:00
80,Video Lesson for Topic 80,05:30
81,Video Lesson for Topic 81,18:10
82,Video Lesson for Topic 82,10:00
83,Video Lesson for Topic 83,10:00
84,Video Lesson for Topic 84,30:00:00
85,Video Lesson for Topic 85,20:00
86,Video Lesson for Topic 86,25:30:00
87,Video Lesson for Topic 87,08:15
88,Video Lesson for Topic 88,12:45
89,Video Lesson for Topic 89,25:30:00
90,Video Lesson for Topic 90,30:00:00
91,Video Lesson for Topic 91,30:00:00
92,Video Lesson for Topic 92,20:00
93,Video Lesson for Topic 93,08:15
94,Video Lesson for Topic 94,25:30:00
95,Video Lesson for Topic 95,25:30:00
96,Video Lesson for Topic 96,12:45
97,Video Lesson for Topic 97,05:30
98,Video Lesson for Topic 98,25:30:00
99,Video Lesson for Topic 99,08:15
100,Video Lesson for Topic 100,15:20
101,Video Lesson for Topic 101,18:10
102,Video Lesson for Topic 102,08:15
103,Video Lesson for Topic 103,15:20
104,Video Lesson for Topic 104,30:00:00
105,Video Lesson for Topic 105,18:10
106,Video Lesson for Topic 106,10:00
107,Video Lesson for Topic 107,25:30:00
108,Video Lesson for Topic 108,25:30:00
109,Video Lesson for Topic 109,15:20
110,Video Lesson for Topic 110,20:00
111,Video Lesson for Topic 111,15:20
112,Video Lesson for Topic 112,18:10
113,Video Lesson for Topic 113,18:10
114,Video Lesson for Topic 114,15:20
115,Video Lesson for Topic 115,30:00:00
116,Video Lesson for Topic 116,25:30:00
117,Video Lesson for Topic 117,08:15
118,Video Lesson for Topic 118,10:00
119,Video Lesson for Topic 119,30:00:00
120,Video Lesson for Topic 120,12:45
121,Video Lesson for Topic 121,20:00
122,Video Lesson for Topic 122,12:45
123,Video Lesson for Topic 123,12:45
124,Video Lesson for Topic 124,30:00:00
125,Video Lesson for Topic 125,05:30
126,Video Lesson for Topic 126,05:30
127,Video Lesson for Topic 127,30:00:00
128,Video Lesson for Topic 128,30:00:00
129,Video Lesson for Topic 129,30:00:00
130,Video Lesson for Topic 130,18:10
131,Video Lesson for Topic 131,15:20
132,Video Lesson for Topic 132,12:45
133,Video Lesson for Topic 133,25:30:00
134,Video Lesson for Topic 134,25:30:00
135,Video Lesson for Topic 135,12:45
136,Video Lesson for Topic 136,08:15
137,Video Lesson for Topic 137,20:00
138,Video Lesson for Topic 138,12:45
139,Video Lesson for Topic 139,30:00:00
140,Video Lesson for Topic 140,05:30
141,Video Lesson for Topic 141,18:10
142,Video Lesson for Topic 142,10:00
143,Video Lesson for Topic 143,08:15
144,Video Lesson for Topic 144,05:30
145,Video Lesson for Topic 145,08:15
146,Video Lesson for Topic 146,12:45
147,Video Lesson for Topic 147,05:30
148,Video Lesson for Topic 148,15:20
149,Video Lesson for Topic 149,20:00
150,Video Lesson for Topic 150,10:00
151,Video Lesson for Topic 151,10:00
152,Video Lesson for Topic 152,08:15
153,Video Lesson for Topic 153,30:00:00
154,Video Lesson for Topic 154,25:30:00
155,Video Lesson for Topic 155,08:15
156,Video Lesson for Topic 156,20:00
157,Video Lesson for Topic 157,10:00
158,Video Lesson for Topic 158,25:30:00
159,Video Lesson for Topic 159,20:00
160,Video Lesson for Topic 160,10:00
161,Video Lesson for Topic 161,30:00:00
162,Video Lesson for Topic 162,18:10
163,Video Lesson for Topic 163,15:20
164,Video Lesson for Topic 164,10:00
165,Video Lesson for Topic 165,10:00
166,Video Lesson for Topic 166,10:00
167,Video Lesson for Topic 167,18:10
168,Video Lesson for Topic 168,05:30
169,Video Lesson for Topic 169,15:20
170,Video Lesson for Topic 170,08:15
171,Video Lesson for Topic 171,10:00
172,Video Lesson for Topic 172,08:15
173,Video Lesson for Topic 173,30:00:00
174,Video Lesson for Topic 174,12:45
175,Video Lesson for Topic 175,18:10
176,Video Lesson for Topic 176,15:20
177,Video Lesson for Topic 177,30:00:00
178,Video Lesson for Topic 178,25:30:00
179,Video Lesson for Topic 179,25:30:00
180,Video Lesson for Topic 180,20:00
181,Video Lesson for Topic 181,05:30
182,Video Lesson for Topic 182,25:30:00
183,Video Lesson for Topic 183,08:15
184,Video Lesson for Topic 184,12:45
185,Video Lesson for Topic 185,30:00:00
186,Video Lesson for Topic 186,05:30
187,Video Lesson for Topic 187,18:10
188,Video Lesson for Topic 188,15:20
189,Video Lesson for Topic 189,08:15
190,Video Lesson for Topic 190,30:00:00
191,Video Lesson for Topic 191,10:00
192,Video Lesson for Topic 192,05:30
193,Video Lesson for Topic 193,30:00:00
194,Video Lesson for Topic 194,15:20
195,Video Lesson for Topic 195,08:15
196,Video Lesson for Topic 196,05:30
197,Video Lesson for Topic 197,18:10
198,Video Lesson for Topic 198,20:00
199,Video Lesson for Topic 199,25:30:00
200,Video Lesson for Topic 200,30:00:00
201,Video Lesson for Topic 201,05:30
202,Video Lesson for Topic 202,15:20
203,Video Lesson for Topic 203,05:30
204,Video Lesson for Topic 204,05:30
205,Video Lesson for Topic 205,15:20
206,Video Lesson for Topic 206,20:00
207,Video Lesson for Topic 207,20:00
208,Video Lesson for Topic 208,15:20
209,Video Lesson for Topic 209,30:00:00
210,Video Lesson for Topic 210,25:30:00
211,Video Lesson for Topic 211,25:30:00
212,Video Lesson for Topic 212,18:10
213,Video Lesson for Topic 213,12:45
214,Video Lesson for Topic 214,20:00
215,Video Lesson for Topic 215,12:45
216,Video Lesson for Topic 216,08:15
217,Video Lesson for Topic 217,20:00
218,Video Lesson for Topic 218,15:20
219,Video Lesson for Topic 219,30:00:00
220,Video Lesson for Topic 220,10:00
221,Video Lesson for Topic 221,18:10
222,Video Lesson for Topic 222,25:30:00
223,Video Lesson for Topic 223,25:30:00
224,Video Lesson for Topic 224,12:45
225,Video Lesson for Topic 225,10:00
226,Video Lesson for Topic 226,20:00
227,Video Lesson for Topic 227,08:15
228,Video Lesson for Topic 228,10:00
229,Video Lesson for Topic 229,20:00
230,Video Lesson for Topic 230,08:15
231,Video Lesson for Topic 231,10:00
232,Video Lesson for Topic 232,12:45
233,Video Lesson for Topic 233,20:00
234,Video Lesson for Topic 234,10:00
235,Video Lesson for Topic 235,30:00:00
236,Video Lesson for Topic 236,08:15
237,Video Lesson for Topic 237,10:00
238,Video Lesson for Topic 238,20:00
239,Video Lesson for Topic 239,12:45
240,Video Lesson for Topic 240,10:00
241,Video Lesson for Topic 241,15:20
242,Video Lesson for Topic 242,05:30
243,Video Lesson for Topic 243,05:30
244,Video Lesson for Topic 244,20:00
245,Video Lesson for Topic 245,12:45
246,Video Lesson for Topic 246,05:30
247,Video Lesson for Topic 247,20:00
248,Video Lesson for Topic 248,15:20
249,Video Lesson for Topic 249,05:30
250,Video Lesson for Topic 250,10:00
251,Video Lesson for Topic 251,05:30
252,Video Lesson for Topic 252,25:30:00
253,Video Lesson for Topic 253,25:30:00
254,Video Lesson for Topic 254,12:45
255,Video Lesson for Topic 255,05:30
256,Video Lesson for Topic 256,10:00
257,Video Lesson for Topic 257,10:00
258,Video Lesson for Topic 258,12:45
259,Video Lesson for Topic 259,15:20
260,Video Lesson for Topic 260,08:15
261,Video Lesson for Topic 261,18:10
262,Video Lesson for Topic 262,05:30
263,Video Lesson for Topic 263,30:00:00
264,Video Lesson for Topic 264,10:00
265,Video Lesson for Topic 265,15:20
266,Video Lesson for Topic 266,05:30
267,Video Lesson for Topic 267,18:10
268,Video Lesson for Topic 268,25:30:00
269,Video Lesson for Topic 269,25:30:00
270,Video Lesson for Topic 270,30:00:00
271,Video Lesson for Topic 271,20:00
272,Video Lesson for Topic 272,05:30
273,Video Lesson for Topic 273,18:10
274,Video Lesson for Topic 274,08:15
275,Video Lesson for Topic 275,10:00
276,Video Lesson for Topic 276,15:20
277,Video Lesson for Topic 277,05:30
278,Video Lesson for Topic 278,05:30
279,Video Lesson for Topic 279,12:45
280,Video Lesson for Topic 280,15:20
281,Video Lesson for Topic 281,15:20
282,Video Lesson for Topic 282,15:20
283,Video Lesson for Topic 283,10:00
284,Video Lesson for Topic 284,12:45
285,Video Lesson for Topic 285,12:45
286,Video Lesson for Topic 286,15:20
287,Video Lesson for Topic 287,12:45
288,Video Lesson for Topic 288,05:30
289,Video Lesson for Topic 289,20:00
290,Video Lesson for Topic 290,10:00
291,Video Lesson for Topic 291,12:45
292,Video Lesson for Topic 292,05:30
293,Video Lesson for Topic 293,20:00
294,Video Lesson for Topic 294,10:00
295,Video Lesson for Topic 295,25:30:00
296,Video Lesson for Topic 296,12:45
297,Video Lesson for Topic 297,25:30:00
298,Video Lesson for Topic 298,12:45
299,Video Lesson for Topic 299,20:00
300,Video Lesson for Topic 300,12:45
301,Video Lesson for Topic 301,12:45
302,Video Lesson for Topic 302,12:45
303,Video Lesson for Topic 303,20:00
304,Video Lesson for Topic 304,15:20
305,Video Lesson for Topic 305,18:10
306,Video Lesson for Topic 306,10:00
307,Video Lesson for Topic 307,30:00:00
308,Video Lesson for Topic 308,20:00
309,Video Lesson for Topic 309,08:15
310,Video Lesson for Topic 310,30:00:00
311,Video Lesson for Topic 311,30:00:00
312,Video Lesson for Topic 312,08:15
313,Video Lesson for Topic 313,30:00:00
314,Video Lesson for Topic 314,25:30:00
315,Video Lesson for Topic 315,30:00:00
316,Video Lesson for Topic 316,12:45
317,Video Lesson for Topic 317,05:30
318,Video Lesson for Topic 318,05:30
319,Video Lesson for Topic 319,08:15
320,Video Lesson for Topic 320,08:15
321,Video Lesson for Topic 321,18:10
322,Video Lesson for Topic 322,05:30
323,Video Lesson for Topic 323,25:30:00
324,Video Lesson for Topic 324,30:00:00
325,Video Lesson for Topic 325,30:00:00
326,Video Lesson for Topic 326,25:30:00
327,Video Lesson for Topic 327,30:00:00
328,Video Lesson for Topic 328,05:30
329,Video Lesson for Topic 329,12:45
330,Video Lesson for Topic 330,30:00:00
331,Video Lesson for Topic 331,05:30
332,Video Lesson for Topic 332,25:30:00
333,Video Lesson for Topic 333,25:30:00
334,Video Lesson for Topic 334,25:30:00
335,Video Lesson for Topic 335,30:00:00
336,Video Lesson for Topic 336,18:10
337,Video Lesson for Topic 337,18:10
338,Video Lesson for Topic 338,08:15
339,Video Lesson for Topic 339,12:45
340,Video Lesson for Topic 340,08:15
341,Video Lesson for Topic 341,10:00
342,Video Lesson for Topic 342,10:00
343,Video Lesson for Topic 343,10:00
344,Video Lesson for Topic 344,15:20
345,Video Lesson for Topic 345,30:00:00
346,Video Lesson for Topic 346,18:10
347,Video Lesson for Topic 347,30:00:00
348,Video Lesson for Topic 348,18:10
349,Video Lesson for Topic 349,10:00
350,Video Lesson for Topic 350,20:00
351,Video Lesson for Topic 351,12:45
352,Video Lesson for Topic 352,05:30
353,Video Lesson for Topic 353,10:00
354,Video Lesson for Topic 354,25:30:00
355,Video Lesson for Topic 355,20:00
356,Video Lesson for Topic 356,08:15
357,Video Lesson for Topic 357,20:00
358,Video Lesson for Topic 358,10:00
359,Video Lesson for Topic 359,12:45
360,Video Lesson for Topic 360,15:20
361,Video Lesson for Topic 361,05:30
362,Video Lesson for Topic 362,12:45
363,Video Lesson for Topic 363,18:10
364,Video Lesson for Topic 364,10:00
365,Video Lesson for Topic 365,30:00:00
366,Video Lesson for Topic 366,25:30:00
367,Video Lesson for Topic 367,25:30:00
368,Video Lesson for Topic 368,08:15
369,Video Lesson for Topic 369,12:45
370,Video Lesson for Topic 370,08:15
371,Video Lesson for Topic 371,15:20
372,Video Lesson for Topic 372,10:00
373,Video Lesson for Topic 373,25:30:00
374,Video Lesson for Topic 374,10:00
375,Video Lesson for Topic 375,10:00
376,Video Lesson for Topic 376,25:30:00
377,Video Lesson for Topic 377,25:30:00
378,Video Lesson for Topic 378,18:10
379,Video Lesson for Topic 379,15:20
380,Video Lesson for Topic 380,15:20
381,Video Lesson for Topic 381,12:45
382,Video Lesson for Topic 382,08:15
383,Video Lesson for Topic 383,05:30
384,Video Lesson for Topic 384,08:15
385,Video Lesson for Topic 385,30:00:00
386,Video Lesson for Topic 386,15:20
387,Video Lesson for Topic 387,05:30
388,Video Lesson for Topic 388,25:30:00
389,Video Lesson for Topic 389,15:20
390,Video Lesson for Topic 390,25:30:00
391,Video Lesson for Topic 391,18:10
392,Video Lesson for Topic 392,15:20
393,Video Lesson for Topic 393,10:00
394,Video Lesson for Topic 394,10:00
395,Video Lesson for Topic 395,18:10
396,Video Lesson for Topic 396,10:00
397,Video Lesson for Topic 397,10:00
398,Video Lesson for Topic 398,15:20
399,Video Lesson for Topic 399,25:30:00
400,Video Lesson for Topic 400,25:30:00
401,Video Lesson for Topic 401,10:00
402,Video Lesson for Topic 402,20:00
403,Video Lesson for Topic 403,08:15
404,Video Lesson for Topic 404,12:45
405,Video Lesson for Topic 405,05:30
406,Video Lesson for Topic 406,25:30:00
407,Video Lesson for Topic 407,18:10
408,Video Lesson for Topic 408,25:30:00
409,Video Lesson for Topic 409,18:10
410,Video Lesson for Topic 410,05:30
411,Video Lesson for Topic 411,10:00
412,Video Lesson for Topic 412,08:15
413,Video Lesson for Topic 413,20:00
414,Video Lesson for Topic 414,20:00
415,Video Lesson for Topic 415,08:15
416,Video Lesson for Topic 416,15:20
417,Video Lesson for Topic 417,18:10
418,Video Lesson for Topic 418,18:10
419,Video Lesson for Topic 419,30:00:00
420,Video Lesson for Topic 420,05:30
421,Video Lesson for Topic 421,25:30:00
422,Video Lesson for Topic 422,10:00
423,Video Lesson for Topic 423,05:30
424,Video Lesson for Topic 424,08:15
425,Video Lesson for Topic 425,10:00
426,Video Lesson for Topic 426,18:10
427,Video Lesson for Topic 427,15:20
428,Video Lesson for Topic 428,15:20
429,Video Lesson for Topic 429,05:30
430,Video Lesson for Topic 430,30:00:00
431,Video Lesson for Topic 431,08:15
432,Video Lesson for Topic 432,18:10
433,Video Lesson for Topic 433,15:20
434,Video Lesson for Topic 434,10:00
435,Video Lesson for Topic 435,20:00
436,Video Lesson for Topic 436,10:00
437,Video Lesson for Topic 437,20:00
438,Video Lesson for Topic 438,20:00
439,Video Lesson for Topic 439,20:00
440,Video Lesson for Topic 440,08:15
441,Video Lesson for Topic 441,20:00
442,Video Lesson for Topic 442,20:00
443,Video Lesson for Topic 443,20:00
444,Video Lesson for Topic 444,12:45
445,Video Lesson for Topic 445,10:00
446,Video Lesson for Topic 446,30:00:00
447,Video Lesson for Topic 447,12:45
448,Video Lesson for Topic 448,05:30
449,Video Lesson for Topic 449,08:15
450,Video Lesson for Topic 450,08:15
451,Video Lesson for Topic 451,12:45
452,Video Lesson for Topic 452,12:45
453,Video Lesson for Topic 453,05:30
454,Video Lesson for Topic 454,05:30
455,Video Lesson for Topic 455,15:20
456,Video Lesson for Topic 456,15:20
457,Video Lesson for Topic 457,08:15
458,Video Lesson for Topic 458,10:00
459,Video Lesson for Topic 459,25:30:00
460,Video Lesson for Topic 460,15:20
461,Video Lesson for Topic 461,18:10
462,Video Lesson for Topic 462,18:10
463,Video Lesson for Topic 463,08:15
464,Video Lesson for Topic 464,05:30
465,Video Lesson for Topic 465,20:00
466,Video Lesson for Topic 466,12:45
467,Video Lesson for Topic 467,12:45
468,Video Lesson for Topic 468,30:00:00
469,Video Lesson for Topic 469,10:00
470,Video Lesson for Topic 470,25:30:00
471,Video Lesson for Topic 471,15:20
472,Video Lesson for Topic 472,12:45
473,Video Lesson for Topic 473,20:00
474,Video Lesson for Topic 474,18:10
475,Video Lesson for Topic 475,05:30
476,Video Lesson for Topic 476,05:30
477,Video Lesson for Topic 477,10:00
478,Video Lesson for Topic 478,20:00
479,Video Lesson for Topic 479,30:00:00
480,Video Lesson for Topic 480,18:10
481,Video Lesson for Topic 481,15:20
482,Video Lesson for Topic 482,25:30:00
483,Video Lesson for Topic 483,05:30
484,Video Lesson for Topic 484,10:00
485,Video Lesson for Topic 485,30:00:00
486,Video Lesson for Topic 486,05:30
487,Video Lesson for Topic 487,15:20
488,Video Lesson for Topic 488,10:00
489,Video Lesson for Topic 489,18:10
490,Video Lesson for Topic 490,18:10
491,Video Lesson for Topic 491,12:45
492,Video Lesson for Topic 492,18:10
493,Video Lesson for Topic 493,10:00
494,Video Lesson for Topic 494,18:10
495,Video Lesson for Topic 495,10:00
496,Video Lesson for Topic 496,15:20
497,Video Lesson for Topic 497,08:15
498,Video Lesson for Topic 498,20:00
499,Video Lesson for Topic 499,05:30
500,Video Lesson for Topic 500,25:30:00
501,Video Lesson for Topic 501,18:10
502,Video Lesson for Topic 502,08:15
503,Video Lesson for Topic 503,18:10
504,Video Lesson for Topic 504,25:30:00
505,Video Lesson for Topic 505,05:30
506,Video Lesson for Topic 506,30:00:00
507,Video Lesson for Topic 507,08:15
508,Video Lesson for Topic 508,12:45
509,Video Lesson for Topic 509,10:00
510,Video Lesson for Topic 510,05:30
511,Video Lesson for Topic 511,30:00:00
512,Video Lesson for Topic 512,12:45
513,Video Lesson for Topic 513,08:15
514,Video Lesson for Topic 514,25:30:00
515,Video Lesson for Topic 515,08:15
516,Video Lesson for Topic 516,15:20
517,Video Lesson for Topic 517,10:00
518,Video Lesson for Topic 518,30:00:00
519,Video Lesson for Topic 519,30:00:00
520,Video Lesson for Topic 520,10:00
521,Video Lesson for Topic 521,12:45
522,Video Lesson for Topic 522,25:30:00
523,Video Lesson for Topic 523,08:15
524,Video Lesson for Topic 524,08:15
525,Video Lesson for Topic 525,12:45
526,Video Lesson for Topic 526,12:45
527,Video Lesson for Topic 527,15:20
528,Video Lesson for Topic 528,15:20
529,Video Lesson for Topic 529,30:00:00
530,Video Lesson for Topic 530,20:00
531,Video Lesson for Topic 531,20:00
532,Video Lesson for Topic 532,25:30:00
533,Video Lesson for Topic 533,20:00
534,Video Lesson for Topic 534,05:30
535,Video Lesson for Topic 535,05:30
536,Video Lesson for Topic 536,20:00
537,Video Lesson for Topic 537,30:00:00
538,Video Lesson for Topic 538,25:30:00
539,Video Lesson for Topic 539,15:20
540,Video Lesson for Topic 540,05:30
541,Video Lesson for Topic 541,15:20
542,Video Lesson for Topic 542,25:30:00
543,Video Lesson for Topic 543,18:10
544,Video Lesson for Topic 544,08:15
545,Video Lesson for Topic 545,15:20
546,Video Lesson for Topic 546,18:10
547,Video Lesson for Topic 547,18:10
548,Video Lesson for Topic 548,30:00:00
549,Video Lesson for Topic 549,10:00
550,Video Lesson for Topic 550,18:10
551,Video Lesson for Topic 551,15:20
552,Video Lesson for Topic 552,30:00:00
553,Video Lesson for Topic 553,18:10
554,Video Lesson for Topic 554,12:45
555,Video Lesson for Topic 555,30:00:00
556,Video Lesson for Topic 556,12:45
557,Video Lesson for Topic 557,05:30
558,Video Lesson for Topic 558,18:10
559,Video Lesson for Topic 559,10:00
560,Video Lesson for Topic 560,30:00:00
561,Video Lesson for Topic 561,10:00
562,Video Lesson for Topic 562,25:30:00
563,Video Lesson for Topic 563,18:10
564,Video Lesson for Topic 564,18:10
565,Video Lesson for Topic 565,30:00:00
566,Video Lesson for Topic 566,05:30
567,Video Lesson for Topic 567,20:00
568,Video Lesson for Topic 568,15:20
569,Video Lesson for Topic 569,12:45
570,Video Lesson for Topic 570,10:00
571,Video Lesson for Topic 571,20:00
572,Video Lesson for Topic 572,10:00
573,Video Lesson for Topic 573,25:30:00
574,Video Lesson for Topic 574,18:10
575,Video Lesson for Topic 575,15:20
576,Video Lesson for Topic 576,25:30:00
577,Video Lesson for Topic 577,20:00
578,Video Lesson for Topic 578,05:30
579,Video Lesson for Topic 579,15:20
580,Video Lesson for Topic 580,30:00:00
581,Video Lesson for Topic 581,18:10
582,Video Lesson for Topic 582,05:30
583,Video Lesson for Topic 583,05:30
584,Video Lesson for Topic 584,12:45
585,Video Lesson for Topic 585,12:45
586,Video Lesson for Topic 586,10:00
587,Video Lesson for Topic 587,08:15
588,Video Lesson for Topic 588,20:00
589,Video Lesson for Topic 589,30:00:00
590,Video Lesson for Topic 590,18:10
591,Video Lesson for Topic 591,18:10
592,Video Lesson for Topic 592,12:45
593,Video Lesson for Topic 593,12:45
594,Video Lesson for Topic 594,25:30:00
595,Video Lesson for Topic 595,15:20
596,Video Lesson for Topic 596,25:30:00
597,Video Lesson for Topic 597,15:20
598,Video Lesson for Topic 598,12:45
599,Video Lesson for Topic 599,08:15
600,Video Lesson for Topic 600,15:20
601,Video Lesson for Topic 601,08:15
602,Video Lesson for Topic 602,05:30
603,Video Lesson for Topic 603,10:00
604,Video Lesson for Topic 604,18:10
605,Video Lesson for Topic 605,15:20
606,Video Lesson for Topic 606,25:30:00
607,Video Lesson for Topic 607,15:20
608,Video Lesson for Topic 608,10:00
609,Video Lesson for Topic 609,05:30
610,Video Lesson for Topic 610,15:20
611,Video Lesson for Topic 611,30:00:00
612,Video Lesson for Topic 612,20:00
613,Video Lesson for Topic 613,10:00
614,Video Lesson for Topic 614,18:10
615,Video Lesson for Topic 615,15:20
616,Video Lesson for Topic 616,08:15
617,Video Lesson for Topic 617,15:20
618,Video Lesson for Topic 618,20:00
619,Video Lesson for Topic 619,08:15
620,Video Lesson for Topic 620,12:45
621,Video Lesson for Topic 621,25:30:00
622,Video Lesson for Topic 622,18:10
623,Video Lesson for Topic 623,05:30
624,Video Lesson for Topic 624,25:30:00
625,Video Lesson for Topic 625,20:00
626,Video Lesson for Topic 626,25:30:00
627,Video Lesson for Topic 627,20:00
628,Video Lesson for Topic 628,30:00:00
629,Video Lesson for Topic 629,15:20
630,Video Lesson for Topic 630,05:30
631,Video Lesson for Topic 631,15:20
632,Video Lesson for Topic 632,25:30:00
633,Video Lesson for Topic 633,20:00
634,Video Lesson for Topic 634,18:10
635,Video Lesson for Topic 635,15:20
636,Video Lesson for Topic 636,30:00:00
637,Video Lesson for Topic 637,12:45
638,Video Lesson for Topic 638,05:30
639,Video Lesson for Topic 639,05:30
640,Video Lesson for Topic 640,15:20
641,Video Lesson for Topic 641,25:30:00
642,Video Lesson for Topic 642,20:00
643,Video Lesson for Topic 643,30:00:00
644,Video Lesson for Topic 644,05:30
645,Video Lesson for Topic 645,05:30
646,Video Lesson for Topic 646,05:30
647,Video Lesson for Topic 647,12:45
648,Video Lesson for Topic 648,15:20
649,Video Lesson for Topic 649,08:15
650,Video Lesson for Topic 650,20:00
651,Video Lesson for Topic 651,08:15
652,Video Lesson for Topic 652,05:30
653,Video Lesson for Topic 653,12:45
654,Video Lesson for Topic 654,05:30
655,Video Lesson for Topic 655,12:45
656,Video Lesson for Topic 656,20:00
657,Video Lesson for Topic 657,08:15
658,Video Lesson for Topic 658,12:45
659,Video Lesson for Topic 659,18:10
660,Video Lesson for Topic 660,10:00
661,Video Lesson for Topic 661,10:00
662,Video Lesson for Topic 662,15:20
663,Video Lesson for Topic 663,25:30:00
664,Video Lesson for Topic 664,08:15
665,Video Lesson for Topic 665,20:00
666,Video Lesson for Topic 666,05:30
667,Video Lesson for Topic 667,08:15
668,Video Lesson for Topic 668,15:20
669,Video Lesson for Topic 669,30:00:00
670,Video Lesson for Topic 670,12:45
671,Video Lesson for Topic 671,15:20
672,Video Lesson for Topic 672,12:45
673,Video Lesson for Topic 673,05:30
674,Video Lesson for Topic 674,12:45
675,Video Lesson for Topic 675,15:20
676,Video Lesson for Topic 676,18:10
677,Video Lesson for Topic 677,25:30:00
678,Video Lesson for Topic 678,12:45
679,Video Lesson for Topic 679,20:00
680,Video Lesson for Topic 680,12:45
681,Video Lesson for Topic 681,10:00
682,Video Lesson for Topic 682,30:00:00
683,Video Lesson for Topic 683,25:30:00
684,Video Lesson for Topic 684,10:00
685,Video Lesson for Topic 685,25:30:00
686,Video Lesson for Topic 686,20:00
687,Video Lesson for Topic 687,25:30:00
688,Video Lesson for Topic 688,05:30
689,Video Lesson for Topic 689,05:30
690,Video Lesson for Topic 690,30:00:00
691,Video Lesson for Topic 691,08:15
692,Video Lesson for Topic 692,25:30:00
693,Video Lesson for Topic 693,05:30
694,Video Lesson for Topic 694,25:30:00
695,Video Lesson for Topic 695,05:30
696,Video Lesson for Topic 696,08:15
697,Video Lesson for Topic 697,10:00
698,Video Lesson for Topic 698,25:30:00
699,Video Lesson for Topic 699,18:10
700,Video Lesson for Topic 700,12:45
701,Video Lesson for Topic 701,30:00:00
702,Video Lesson for Topic 702,08:15
703,Video Lesson for Topic 703,12:45
704,Video Lesson for Topic 704,25:30:00
705,Video Lesson for Topic 705,08:15
706,Video Lesson for Topic 706,10:00
707,Video Lesson for Topic 707,15:20
708,Video Lesson for Topic 708,08:15
709,Video Lesson for Topic 709,05:30
710,Video Lesson for Topic 710,20:00
711,Video Lesson for Topic 711,10:00
712,Video Lesson for Topic 712,15:20
713,Video Lesson for Topic 713,08:15
714,Video Lesson for Topic 714,05:30
715,Video Lesson for Topic 715,15:20
716,Video Lesson for Topic 716,25:30:00
717,Video Lesson for Topic 717,20:00
718,Video Lesson for Topic 718,30:00:00
719,Video Lesson for Topic 719,20:00
720,Video Lesson for Topic 720,25:30:00
721,Video Lesson for Topic 721,10:00
722,Video Lesson for Topic 722,18:10
723,Video Lesson for Topic 723,30:00:00
724,Video Lesson for Topic 724,30:00:00
725,Video Lesson for Topic 725,12:45
726,Video Lesson for Topic 726,25:30:00
727,Video Lesson for Topic 727,10:00
728,Video Lesson for Topic 728,05:30
729,Video Lesson for Topic 729,18:10
730,Video Lesson for Topic 730,10:00
731,Video Lesson for Topic 731,12:45
732,Video Lesson for Topic 732,12:45
733,Video Lesson for Topic 733,25:30:00
734,Video Lesson for Topic 734,30:00:00
735,Video Lesson for Topic 735,05:30
736,Video Lesson for Topic 736,25:30:00
737,Video Lesson for Topic 737,18:10
738,Video Lesson for Topic 738,30:00:00
739,Video Lesson for Topic 739,30:00:00
740,Video Lesson for Topic 740,08:15
741,Video Lesson for Topic 741,25:30:00
742,Video Lesson for Topic 742,05:30
743,Video Lesson for Topic 743,18:10
744,Video Lesson for Topic 744,05:30
745,Video Lesson for Topic 745,18:10
746,Video Lesson for Topic 746,15:20
747,Video Lesson for Topic 747,25:30:00
748,Video Lesson for Topic 748,25:30:00
749,Video Lesson for Topic 749,30:00:00
750,Video Lesson for Topic 750,10:00
751,Video Lesson for Topic 751,18:10
752,Video Lesson for Topic 752,25:30:00
753,Video Lesson for Topic 753,10:00
754,Video Lesson for Topic 754,08:15
755,Video Lesson for Topic 755,05:30
756,Video Lesson for Topic 756,30:00:00
757,Video Lesson for Topic 757,18:10
758,Video Lesson for Topic 758,10:00
759,Video Lesson for Topic 759,05:30
760,Video Lesson for Topic 760,20:00
761,Video Lesson for Topic 761,25:30:00
762,Video Lesson for Topic 762,08:15
763,Video Lesson for Topic 763,08:15
764,Video Lesson for Topic 764,08:15
765,Video Lesson for Topic 765,18:10
766,Video Lesson for Topic 766,12:45
767,Video Lesson for Topic 767,15:20
768,Video Lesson for Topic 768,20:00
769,Video Lesson for Topic 769,18:10
770,Video Lesson for Topic 770,10:00
771,Video Lesson for Topic 771,18:10
772,Video Lesson for Topic 772,05:30
773,Video Lesson for Topic 773,20:00
774,Video Lesson for Topic 774,12:45
775,Video Lesson for Topic 775,12:45
776,Video Lesson for Topic 776,30:00:00
777,Video Lesson for Topic 777,10:00
778,Video Lesson for Topic 778,08:15
779,Video Lesson for Topic 779,10:00
780,Video Lesson for Topic 780,18:10
781,Video Lesson for Topic 781,05:30
782,Video Lesson for Topic 782,30:00:00
783,Video Lesson for Topic 783,25:30:00
784,Video Lesson for Topic 784,18:10
785,Video Lesson for Topic 785,25:30:00
786,Video Lesson for Topic 786,08:15
787,Video Lesson for Topic 787,20:00
788,Video Lesson for Topic 788,12:45
789,Video Lesson for Topic 789,08:15
790,Video Lesson for Topic 790,12:45
791,Video Lesson for Topic 791,10:00
792,Video Lesson for Topic 792,08:15
793,Video Lesson for Topic 793,05:30
794,Video Lesson for Topic 794,15:20
795,Video Lesson for Topic 795,25:30:00
796,Video Lesson for Topic 796,30:00:00
797,Video Lesson for Topic 797,10:00
798,Video Lesson for Topic 798,25:30:00
799,Video Lesson for Topic 799,30:00:00
800,Video Lesson for Topic 800,15:20
801,Video Lesson for Topic 801,20:00
802,Video Lesson for Topic 802,10:00
803,Video Lesson for Topic 803,12:45
804,Video Lesson for Topic 804,25:30:00
805,Video Lesson for Topic 805,18:10
806,Video Lesson for Topic 806,08:15
807,Video Lesson for Topic 807,20:00
808,Video Lesson for Topic 808,15:20
809,Video Lesson for Topic 809,10:00
810,Video Lesson for Topic 810,08:15
811,Video Lesson for Topic 811,05:30
812,Video Lesson for Topic 812,08:15
813,Video Lesson for Topic 813,10:00
814,Video Lesson for Topic 814,15:20
815,Video Lesson for Topic 815,05:30
816,Video Lesson for Topic 816,25:30:00
817,Video Lesson for Topic 817,05:30
818,Video Lesson for Topic 818,15:20
819,Video Lesson for Topic 819,10:00
820,Video Lesson for Topic 820,20:00
821,Video Lesson for Topic 821,18:10
822,Video Lesson for Topic 822,20:00
823,Video Lesson for Topic 823,15:20
824,Video Lesson for Topic 824,15:20
825,Video Lesson for Topic 825,18:10
826,Video Lesson for Topic 826,12:45
827,Video Lesson for Topic 827,15:20
828,Video Lesson for Topic 828,10:00
829,Video Lesson for Topic 829,10:00
830,Video Lesson for Topic 830,12:45
831,Video Lesson for Topic 831,30:00:00
832,Video Lesson for Topic 832,05:30
833,Video Lesson for Topic 833,18:10
834,Video Lesson for Topic 834,10:00
835,Video Lesson for Topic 835,05:30
836,Video Lesson for Topic 836,20:00
837,Video Lesson for Topic 837,12:45
838,Video Lesson for Topic 838,18:10
839,Video Lesson for Topic 839,15:20
840,Video Lesson for Topic 840,08:15
841,Video Lesson for Topic 841,10:00
842,Video Lesson for Topic 842,20:00
843,Video Lesson for Topic 843,08:15
844,Video Lesson for Topic 844,10:00
845,Video Lesson for Topic 845,25:30:00
846,Video Lesson for Topic 846,15:20
847,Video Lesson for Topic 847,15:20
848,Video Lesson for Topic 848,08:15
849,Video Lesson for Topic 849,12:45
850,Video Lesson for Topic 850,15:20
851,Video Lesson for Topic 851,08:15
852,Video Lesson for Topic 852,30:00:00
853,Video Lesson for Topic 853,08:15
854,Video Lesson for Topic 854,15:20
855,Video Lesson for Topic 855,25:30:00
856,Video Lesson for Topic 856,30:00:00
857,Video Lesson for Topic 857,30:00:00
858,Video Lesson for Topic 858,15:20
859,Video Lesson for Topic 859,30:00:00
860,Video Lesson for Topic 860,30:00:00
861,Video Lesson for Topic 861,25:30:00
862,Video Lesson for Topic 862,15:20
863,Video Lesson for Topic 863,10:00
864,Video Lesson for Topic 864,25:30:00
865,Video Lesson for Topic 865,12:45
866,Video Lesson for Topic 866,25:30:00
867,Video Lesson for Topic 867,08:15
868,Video Lesson for Topic 868,18:10
869,Video Lesson for Topic 869,12:45
870,Video Lesson for Topic 870,10:00
871,Video Lesson for Topic 871,05:30
872,Video Lesson for Topic 872,12:45
873,Video Lesson for Topic 873,05:30
874,Video Lesson for Topic 874,18:10
875,Video Lesson for Topic 875,30:00:00
876,Video Lesson for Topic 876,30:00:00
877,Video Lesson for Topic 877,08:15
878,Video Lesson for Topic 878,20:00
879,Video Lesson for Topic 879,15:20
880,Video Lesson for Topic 880,18:10
881,Video Lesson for Topic 881,05:30
882,Video Lesson for Topic 882,10:00
883,Video Lesson for Topic 883,20:00
884,Video Lesson for Topic 884,18:10
885,Video Lesson for Topic 885,10:00
886,Video Lesson for Topic 886,12:45
887,Video Lesson for Topic 887,08:15
888,Video Lesson for Topic 888,18:10
889,Video Lesson for Topic 889,20:00
890,Video Lesson for Topic 890,20:00
891,Video Lesson for Topic 891,10:00
892,Video Lesson for Topic 892,18:10
893,Video Lesson for Topic 893,15:20
894,Video Lesson for Topic 894,20:00
895,Video Lesson for Topic 895,08:15
896,Video Lesson for Topic 896,08:15
897,Video Lesson for Topic 897,08:15
898,Video Lesson for Topic 898,18:10
899,Video Lesson for Topic 899,08:15
900,Video Lesson for Topic 900,10:00
901,Video Lesson for Topic 901,05:30
902,Video Lesson for Topic 902,25:30:00
903,Video Lesson for Topic 903,20:00
904,Video Lesson for Topic 904,15:20
905,Video Lesson for Topic 905,05:30
906,Video Lesson for Topic 906,12:45
907,Video Lesson for Topic 907,05:30
908,Video Lesson for Topic 908,18:10
909,Video Lesson for Topic 909,12:45
910,Video Lesson for Topic 910,25:30:00
911,Video Lesson for Topic 911,12:45
912,Video Lesson for Topic 912,25:30:00
913,Video Lesson for Topic 913,25:30:00
914,Video Lesson for Topic 914,18:10
915,Video Lesson for Topic 915,10:00
916,Video Lesson for Topic 916,20:00
917,Video Lesson for Topic 917,15:20
918,Video Lesson for Topic 918,15:20
919,Video Lesson for Topic 919,12:45
920,Video Lesson for Topic 920,10:00
921,Video Lesson for Topic 921,30:00:00
922,Video Lesson for Topic 922,30:00:00
923,Video Lesson for Topic 923,12:45
924,Video Lesson for Topic 924,15:20
925,Video Lesson for Topic 925,10:00
926,Video Lesson for Topic 926,05:30
927,Video Lesson for Topic 927,10:00
928,Video Lesson for Topic 928,25:30:00
929,Video Lesson for Topic 929,15:20
930,Video Lesson for Topic 930,15:20
931,Video Lesson for Topic 931,20:00
932,Video Lesson for Topic 932,30:00:00
933,Video Lesson for Topic 933,10:00
934,Video Lesson for Topic 934,15:20
935,Video Lesson for Topic 935,20:00
936,Video Lesson for Topic 936,30:00:00
937,Video Lesson for Topic 937,08:15
938,Video Lesson for Topic 938,18:10
939,Video Lesson for Topic 939,18:10
940,Video Lesson for Topic 940,30:00:00
941,Video Lesson for Topic 941,25:30:00
942,Video Lesson for Topic 942,30:00:00
943,Video Lesson for Topic 943,30:00:00
944,Video Lesson for Topic 944,12:45
945,Video Lesson for Topic 945,05:30
946,Video Lesson for Topic 946,25:30:00
947,Video Lesson for Topic 947,08:15
948,Video Lesson for Topic 948,05:30
949,Video Lesson for Topic 949,10:00
950,Video Lesson for Topic 950,05:30
951,Video Lesson for Topic 951,30:00:00
952,Video Lesson for Topic 952,25:30:00
953,Video Lesson for Topic 953,30:00:00
954,Video Lesson for Topic 954,18:10
955,Video Lesson for Topic 955,20:00
956,Video Lesson for Topic 956,18:10
957,Video Lesson for Topic 957,10:00
958,Video Lesson for Topic 958,20:00
959,Video Lesson for Topic 959,18:10
960,Video Lesson for Topic 960,30:00:00
961,Video Lesson for Topic 961,30:00:00
962,Video Lesson for Topic 962,30:00:00
963,Video Lesson for Topic 963,18:10
964,Video Lesson for Topic 964,25:30:00
965,Video Lesson for Topic 965,10:00
966,Video Lesson for Topic 966,20:00
967,Video Lesson for Topic 967,05:30
968,Video Lesson for Topic 968,18:10
969,Video Lesson for Topic 969,25:30:00
970,Video Lesson for Topic 970,12:45
971,Video Lesson for Topic 971,05:30
972,Video Lesson for Topic 972,05:30
973,Video Lesson for Topic 973,10:00
974,Video Lesson for Topic 974,25:30:00
975,Video Lesson for Topic 975,15:20
976,Video Lesson for Topic 976,20:00
977,Video Lesson for Topic 977,30:00:00
978,Video Lesson for Topic 978,08:15
979,Video Lesson for Topic 979,12:45
980,Video Lesson for Topic 980,10:00
981,Video Lesson for Topic 981,15:20
982,Video Lesson for Topic 982,12:45
983,Video Lesson for Topic 983,20:00
984,Video Lesson for Topic 984,12:45
985,Video Lesson for Topic 985,25:30:00
986,Video Lesson for Topic 986,15:20
987,Video Lesson for Topic 987,10:00
988,Video Lesson for Topic 988,25:30:00
989,Video Lesson for Topic 989,18:10
990,Video Lesson for Topic 990,18:10
991,Video Lesson for Topic 991,30:00:00
992,Video Lesson for Topic 992,30:00:00
993,Video Lesson for Topic 993,30:00:00
994,Video Lesson for Topic 994,10:00
995,Video Lesson for Topic 995,12:45
996,Video Lesson for Topic 996,20:00
997,Video Lesson for Topic 997,18:10
998,Video Lesson for Topic 998,25:30:00
999,Video Lesson for Topic 999,18:10
1000,Video Lesson for Topic 1000,18:10
1001,Video Lesson for Topic 1001,25:30:00
1002,Video Lesson for Topic 1002,12:45
1003,Video Lesson for Topic 1003,15:20
1004,Video Lesson for Topic 1004,10:00
1005,Video Lesson for Topic 1005,20:00
1006,Video Lesson for Topic 1006,20:00
1007,Video Lesson for Topic 1007,25:30:00
1008,Video Lesson for Topic 1008,12:45
1009,Video Lesson for Topic 1009,08:15
1010,Video Lesson for Topic 1010,30:00:00
1011,Video Lesson for Topic 1011,05:30
1012,Video Lesson for Topic 1012,05:30
1013,Video Lesson for Topic 1013,20:00
1014,Video Lesson for Topic 1014,18:10
1015,Video Lesson for Topic 1015,18:10
1016,Video Lesson for Topic 1016,20:00
1017,Video Lesson for Topic 1017,08:15
1018,Video Lesson for Topic 1018,05:30
1019,Video Lesson for Topic 1019,18:10
1020,Video Lesson for Topic 1020,25:30:00
1021,Video Lesson for Topic 1021,08:15
1022,Video Lesson for Topic 1022,15:20
1023,Video Lesson for Topic 1023,12:45
1024,Video Lesson for Topic 1024,20:00
1025,Video Lesson for Topic 1025,20:00
1026,Video Lesson for Topic 1026,10:00
1027,Video Lesson for Topic 1027,12:45
1028,Video Lesson for Topic 1028,15:20
1029,Video Lesson for Topic 1029,20:00
1030,Video Lesson for Topic 1030,18:10
1031,Video Lesson for Topic 1031,25:30:00
1032,Video Lesson for Topic 1032,10:00
1033,Video Lesson for Topic 1033,05:30
1034,Video Lesson for Topic 1034,15:20
1035,Video Lesson for Topic 1035,05:30
1036,Video Lesson for Topic 1036,10:00
1037,Video Lesson for Topic 1037,20:00
1038,Video Lesson for Topic 1038,05:30
1039,Video Lesson for Topic 1039,10:00
1040,Video Lesson for Topic 1040,25:30:00
1041,Video Lesson for Topic 1041,25:30:00
1042,Video Lesson for Topic 1042,10:00
1043,Video Lesson for Topic 1043,15:20
1044,Video Lesson for Topic 1044,25:30:00
1045,Video Lesson for Topic 1045,08:15
1046,Video Lesson for Topic 1046,15:20
1047,Video Lesson for Topic 1047,10:00
1048,Video Lesson for Topic 1048,30:00:00
1049,Video Lesson for Topic 1049,12:45
1050,Video Lesson for Topic 1050,15:20
1051,Video Lesson for Topic 1051,20:00
1052,Video Lesson for Topic 1052,15:20
1053,Video Lesson for Topic 1053,05:30
1054,Video Lesson for Topic 1054,10:00
1055,Video Lesson for Topic 1055,08:15
1056,Video Lesson for Topic 1056,10:00
1057,Video Lesson for Topic 1057,10:00
1058,Video Lesson for Topic 1058,30:00:00
1059,Video Lesson for Topic 1059,25:30:00
1060,Video Lesson for Topic 1060,18:10
1061,Video Lesson for Topic 1061,10:00
1062,Video Lesson for Topic 1062,08:15
1063,Video Lesson for Topic 1063,25:30:00
1064,Video Lesson for Topic 1064,10:00
1065,Video Lesson for Topic 1065,08:15
1066,Video Lesson for Topic 1066,12:45
1067,Video Lesson for Topic 1067,08:15
1068,Video Lesson for Topic 1068,18:10
1069,Video Lesson for Topic 1069,10:00
1070,Video Lesson for Topic 1070,08:15
1071,Video Lesson for Topic 1071,18:10
1072,Video Lesson for Topic 1072,12:45
1073,Video Lesson for Topic 1073,25:30:00
1074,Video Lesson for Topic 1074,10:00
1075,Video Lesson for Topic 1075,20:00
1076,Video Lesson for Topic 1076,20:00
1077,Video Lesson for Topic 1077,10:00
1078,Video Lesson for Topic 1078,10:00
1079,Video Lesson for Topic 1079,30:00:00
1080,Video Lesson for Topic 1080,20:00
1081,Video Lesson for Topic 1081,25:30:00
1082,Video Lesson for Topic 1082,05:30
1083,Video Lesson for Topic 1083,18:10
1084,Video Lesson for Topic 1084,18:10
1085,Video Lesson for Topic 1085,30:00:00
1086,Video Lesson for Topic 1086,18:10
1087,Video Lesson for Topic 1087,08:15
1088,Video Lesson for Topic 1088,30:00:00
1089,Video Lesson for Topic 1089,18:10
1090,Video Lesson for Topic 1090,18:10
1091,Video Lesson for Topic 1091,15:20
1092,Video Lesson for Topic 1092,18:10
1093,Video Lesson for Topic 1093,18:10
1094,Video Lesson for Topic 1094,20:00
1095,Video Lesson for Topic 1095,12:45
1096,Video Lesson for Topic 1096,20:00
1097,Video Lesson for Topic 1097,30:00:00
1098,Video Lesson for Topic 1098,30:00:00
1099,Video Lesson for Topic 1099,05:30
1100,Video Lesson for Topic 1100,18:10
1101,Video Lesson for Topic 1101,12:45
1102,Video Lesson for Topic 1102,18:10
1103,Video Lesson for Topic 1103,30:00:00
1104,Video Lesson for Topic 1104,10:00
1105,Video Lesson for Topic 1105,10:00
1106,Video Lesson for Topic 1106,18:10
1107,Video Lesson for Topic 1107,30:00:00
1108,Video Lesson for Topic 1108,15:20
1109,Video Lesson for Topic 1109,15:20
1110,Video Lesson for Topic 1110,20:00
1111,Video Lesson for Topic 1111,12:45
1112,Video Lesson for Topic 1112,30:00:00
1113,Video Lesson for Topic 1113,20:00
1114,Video Lesson for Topic 1114,18:10
1115,Video Lesson for Topic 1115,15:20
1116,Video Lesson for Topic 1116,10:00
1117,Video Lesson for Topic 1117,10:00
1118,Video Lesson for Topic 1118,18:10
1119,Video Lesson for Topic 1119,08:15
1120,Video Lesson for Topic 1120,10:00
1121,Video Lesson for Topic 1121,30:00:00
1122,Video Lesson for Topic 1122,30:00:00
1123,Video Lesson for Topic 1123,20:00
1124,Video Lesson for Topic 1124,05:30
1125,Video Lesson for Topic 1125,18:10
1126,Video Lesson for Topic 1126,15:20
1127,Video Lesson for Topic 1127,30:00:00
1128,Video Lesson for Topic 1128,20:00
1129,Video Lesson for Topic 1129,25:30:00
1130,Video Lesson for Topic 1130,05:30
1131,Video Lesson for Topic 1131,20:00
1132,Video Lesson for Topic 1132,25:30:00
1133,Video Lesson for Topic 1133,30:00:00
1134,Video Lesson for Topic 1134,05:30
1135,Video Lesson for Topic 1135,25:30:00
1136,Video Lesson for Topic 1136,30:00:00
1137,Video Lesson for Topic 1137,18:10
1138,Video Lesson for Topic 1138,18:10
1139,Video Lesson for Topic 1139,20:00
1140,Video Lesson for Topic 1140,18:10
1141,Video Lesson for Topic 1141,18:10
1142,Video Lesson for Topic 1142,05:30
1143,Video Lesson for Topic 1143,20:00
1144,Video Lesson for Topic 1144,20:00
1145,Video Lesson for Topic 1145,12:45
1146,Video Lesson for Topic 1146,05:30
1147,Video Lesson for Topic 1147,15:20
1148,Video Lesson for Topic 1148,08:15
1149,Video Lesson for Topic 1149,30:00:00
1150,Video Lesson for Topic 1150,15:20
1151,Video Lesson for Topic 1151,18:10
1152,Video Lesson for Topic 1152,08:15
1153,Video Lesson for Topic 1153,25:30:00
1154,Video Lesson for Topic 1154,15:20
1155,Video Lesson for Topic 1155,30:00:00
1156,Video Lesson for Topic 1156,20:00
1157,Video Lesson for Topic 1157,12:45
1158,Video Lesson for Topic 1158,20:00
1159,Video Lesson for Topic 1159,08:15
1160,Video Lesson for Topic 1160,20:00
1161,Video Lesson for Topic 1161,20:00
1162,Video Lesson for Topic 1162,15:20
1163,Video Lesson for Topic 1163,12:45
1164,Video Lesson for Topic 1164,20:00
1165,Video Lesson for Topic 1165,20:00
1166,Video Lesson for Topic 1166,20:00
1167,Video Lesson for Topic 1167,08:15
1168,Video Lesson for Topic 1168,10:00
1169,Video Lesson for Topic 1169,15:20
1170,Video Lesson for Topic 1170,12:45
1171,Video Lesson for Topic 1171,25:30:00
1172,Video Lesson for Topic 1172,05:30
1173,Video Lesson for Topic 1173,10:00
1174,Video Lesson for Topic 1174,20:00
1175,Video Lesson for Topic 1175,08:15
1176,Video Lesson for Topic 1176,30:00:00
1177,Video Lesson for Topic 1177,30:00:00
1178,Video Lesson for Topic 1178,20:00
1179,Video Lesson for Topic 1179,30:00:00
1180,Video Lesson for Topic 1180,12:45
1181,Video Lesson for Topic 1181,05:30
1182,Video Lesson for Topic 1182,10:00
1183,Video Lesson for Topic 1183,10:00
1184,Video Lesson for Topic 1184,12:45
1185,Video Lesson for Topic 1185,30:00:00
1186,Video Lesson for Topic 1186,12:45
1187,Video Lesson for Topic 1187,05:30
1188,Video Lesson for Topic 1188,08:15
1189,Video Lesson for Topic 1189,08:15
1190,Video Lesson for Topic 1190,18:10
1191,Video Lesson for Topic 1191,25:30:00
1192,Video Lesson for Topic 1192,15:20
1193,Video Lesson for Topic 1193,10:00
1194,Video Lesson for Topic 1194,18:10
1195,Video Lesson for Topic 1195,25:30:00
1196,Video Lesson for Topic 1196,25:30:00
1197,Video Lesson for Topic 1197,18:10
1198,Video Lesson for Topic 1198,20:00
1199,Video Lesson for Topic 1199,30:00:00
1200,Video Lesson for Topic 1200,08:15
1201,Video Lesson for Topic 1201,08:15
1202,Video Lesson for Topic 1202,30:00:00
1203,Video Lesson for Topic 1203,08:15
1204,Video Lesson for Topic 1204,20:00
1205,Video Lesson for Topic 1205,05:30
1206,Video Lesson for Topic 1206,05:30
1207,Video Lesson for Topic 1207,30:00:00
1208,Video Lesson for Topic 1208,25:30:00
1209,Video Lesson for Topic 1209,15:20
1210,Video Lesson for Topic 1210,08:15
1211,Video Lesson for Topic 1211,15:20
1212,Video Lesson for Topic 1212,30:00:00
1213,Video Lesson for Topic 1213,10:00
1214,Video Lesson for Topic 1214,12:45
1215,Video Lesson for Topic 1215,05:30
1216,Video Lesson for Topic 1216,20:00
1217,Video Lesson for Topic 1217,05:30
1218,Video Lesson for Topic 1218,05:30
1219,Video Lesson for Topic 1219,20:00
1220,Video Lesson for Topic 1220,30:00:00
1221,Video Lesson for Topic 1221,05:30
1222,Video Lesson for Topic 1222,25:30:00
1223,Video Lesson for Topic 1223,25:30:00
1224,Video Lesson for Topic 1224,30:00:00
1225,Video Lesson for Topic 1225,25:30:00
1226,Video Lesson for Topic 1226,25:30:00
1227,Video Lesson for Topic 1227,05:30
1228,Video Lesson for Topic 1228,25:30:00
1229,Video Lesson for Topic 1229,05:30
1230,Video Lesson for Topic 1230,05:30
1231,Video Lesson for Topic 1231,18:10
1232,Video Lesson for Topic 1232,15:20
1233,Video Lesson for Topic 1233,05:30
1234,Video Lesson for Topic 1234,20:00
1235,Video Lesson for Topic 1235,12:45
1236,Video Lesson for Topic 1236,08:15
1237,Video Lesson for Topic 1237,08:15
1238,Video Lesson for Topic 1238,05:30
1239,Video Lesson for Topic 1239,15:20
1240,Video Lesson for Topic 1240,20:00
1241,Video Lesson for Topic 1241,18:10
1242,Video Lesson for Topic 1242,10:00
1243,Video Lesson for Topic 1243,30:00:00
1244,Video Lesson for Topic 1244,30:00:00
1245,Video Lesson for Topic 1245,20:00
1246,Video Lesson for Topic 1246,05:30
1247,Video Lesson for Topic 1247,05:30
1248,Video Lesson for Topic 1248,05:30
1249,Video Lesson for Topic 1249,10:00
1250,Video Lesson for Topic 1250,25:30:00
1251,Video Lesson for Topic 1251,25:30:00
1252,Video Lesson for Topic 1252,18:10
1253,Video Lesson for Topic 1253,15:20
1254,Video Lesson for Topic 1254,25:30:00
1255,Video Lesson for Topic 1255,30:00:00
1256,Video Lesson for Topic 1256,08:15
1257,Video Lesson for Topic 1257,08:15
1258,Video Lesson for Topic 1258,08:15
1259,Video Lesson for Topic 1259,10:00
1260,Video Lesson for Topic 1260,08:15
1261,Video Lesson for Topic 1261,15:20
1262,Video Lesson for Topic 1262,05:30
1263,Video Lesson for Topic 1263,10:00
1264,Video Lesson for Topic 1264,15:20
1265,Video Lesson for Topic 1265,20:00
1266,Video Lesson for Topic 1266,12:45
1267,Video Lesson for Topic 1267,10:00
1268,Video Lesson for Topic 1268,08:15
1269,Video Lesson for Topic 1269,20:00
1270,Video Lesson for Topic 1270,25:30:00
1271,Video Lesson for Topic 1271,10:00
1272,Video Lesson for Topic 1272,10:00
1273,Video Lesson for Topic 1273,30:00:00
1274,Video Lesson for Topic 1274,12:45
1275,Video Lesson for Topic 1275,15:20
1276,Video Lesson for Topic 1276,30:00:00
1277,Video Lesson for Topic 1277,05:30
1278,Video Lesson for Topic 1278,15:20
1279,Video Lesson for Topic 1279,12:45
1280,Video Lesson for Topic 1280,20:00
1281,Video Lesson for Topic 1281,20:00
1282,Video Lesson for Topic 1282,15:20
1283,Video Lesson for Topic 1283,18:10
1284,Video Lesson for Topic 1284,15:20
1285,Video Lesson for Topic 1285,30:00:00
1286,Video Lesson for Topic 1286,15:20
1287,Video Lesson for Topic 1287,08:15
1288,Video Lesson for Topic 1288,18:10
1289,Video Lesson for Topic 1289,25:30:00
1290,Video Lesson for Topic 1290,25:30:00
1291,Video Lesson for Topic 1291,08:15
1292,Video Lesson for Topic 1292,18:10
1293,Video Lesson for Topic 1293,10:00
1294,Video Lesson for Topic 1294,12:45
1295,Video Lesson for Topic 1295,12:45
1296,Video Lesson for Topic 1296,12:45
1297,Video Lesson for Topic 1297,30:00:00
1298,Video Lesson for Topic 1298,05:30
1299,Video Lesson for Topic 1299,12:45
1300,Video Lesson for Topic 1300,18:10
1301,Video Lesson for Topic 1301,05:30
1302,Video Lesson for Topic 1302,18:10
1303,Video Lesson for Topic 1303,05:30
1304,Video Lesson for Topic 1304,20:00
1305,Video Lesson for Topic 1305,18:10
1306,Video Lesson for Topic 1306,10:00
1307,Video Lesson for Topic 1307,18:10
1308,Video Lesson for Topic 1308,05:30
1309,Video Lesson for Topic 1309,08:15
1310,Video Lesson for Topic 1310,15:20
1311,Video Lesson for Topic 1311,30:00:00
1312,Video Lesson for Topic 1312,15:20
1313,Video Lesson for Topic 1313,20:00
1314,Video Lesson for Topic 1314,15:20
1315,Video Lesson for Topic 1315,20:00
1316,Video Lesson for Topic 1316,25:30:00
1317,Video Lesson for Topic 1317,05:30
1318,Video Lesson for Topic 1318,12:45
1319,Video Lesson for Topic 1319,10:00
1320,Video Lesson for Topic 1320,12:45
1321,Video Lesson for Topic 1321,10:00
1322,Video Lesson for Topic 1322,08:15
1323,Video Lesson for Topic 1323,05:30
1324,Video Lesson for Topic 1324,25:30:00
1325,Video Lesson for Topic 1325,08:15
1326,Video Lesson for Topic 1326,30:00:00
1327,Video Lesson for Topic 1327,12:45
1328,Video Lesson for Topic 1328,10:00
1329,Video Lesson for Topic 1329,25:30:00
1330,Video Lesson for Topic 1330,08:15
1331,Video Lesson for Topic 1331,15:20
1332,Video Lesson for Topic 1332,05:30
1333,Video Lesson for Topic 1333,25:30:00
1334,Video Lesson for Topic 1334,18:10
1335,Video Lesson for Topic 1335,08:15
1336,Video Lesson for Topic 1336,15:20
1337,Video Lesson for Topic 1337,05:30
1338,Video Lesson for Topic 1338,05:30
1339,Video Lesson for Topic 1339,05:30
1340,Video Lesson for Topic 1340,25:30:00
1341,Video Lesson for Topic 1341,20:00
1342,Video Lesson for Topic 1342,18:10
1343,Video Lesson for Topic 1343,05:30
1344,Video Lesson for Topic 1344,12:45
1345,Video Lesson for Topic 1345,15:20
1346,Video Lesson for Topic 1346,08:15
1347,Video Lesson for Topic 1347,05:30
1348,Video Lesson for Topic 1348,10:00
1349,Video Lesson for Topic 1349,10:00
1350,Video Lesson for Topic 1350,20:00
1351,Video Lesson for Topic 1351,10:00
1352,Video Lesson for Topic 1352,10:00
1353,Video Lesson for Topic 1353,12:45
1354,Video Lesson for Topic 1354,12:45
1355,Video Lesson for Topic 1355,15:20
1356,Video Lesson for Topic 1356,08:15
1357,Video Lesson for Topic 1357,20:00
1358,Video Lesson for Topic 1358,08:15
1359,Video Lesson for Topic 1359,30:00:00
1360,Video Lesson for Topic 1360,25:30:00
1361,Video Lesson for Topic 1361,08:15
1362,Video Lesson for Topic 1362,08:15
1363,Video Lesson for Topic 1363,05:30
1364,Video Lesson for Topic 1364,25:30:00
1365,Video Lesson for Topic 1365,15:20
1366,Video Lesson for Topic 1366,18:10
1367,Video Lesson for Topic 1367,15:20
1368,Video Lesson for Topic 1368,15:20
1369,Video Lesson for Topic 1369,30:00:00
1370,Video Lesson for Topic 1370,20:00
1371,Video Lesson for Topic 1371,08:15
1372,Video Lesson for Topic 1372,20:00
1373,Video Lesson for Topic 1373,25:30:00
1374,Video Lesson for Topic 1374,12:45
1375,Video Lesson for Topic 1375,12:45
1376,Video Lesson for Topic 1376,05:30
1377,Video Lesson for Topic 1377,25:30:00
1378,Video Lesson for Topic 1378,10:00
1379,Video Lesson for Topic 1379,20:00
1380,Video Lesson for Topic 1380,05:30
1381,Video Lesson for Topic 1381,12:45
1382,Video Lesson for Topic 1382,25:30:00
1383,Video Lesson for Topic 1383,15:20
1384,Video Lesson for Topic 1384,10:00
1385,Video Lesson for Topic 1385,18:10
1386,Video Lesson for Topic 1386,18:10
1387,Video Lesson for Topic 1387,15:20
1388,Video Lesson for Topic 1388,25:30:00
1389,Video Lesson for Topic 1389,25:30:00
1390,Video Lesson for Topic 1390,20:00
1391,Video Lesson for Topic 1391,15:20
1392,Video Lesson for Topic 1392,15:20
1393,Video Lesson for Topic 1393,08:15
1394,Video Lesson for Topic 1394,20:00
1395,Video Lesson for Topic 1395,30:00:00
1396,Video Lesson for Topic 1396,10:00
1397,Video Lesson for Topic 1397,05:30
1398,Video Lesson for Topic 1398,12:45
1399,Video Lesson for Topic 1399,05:30
1400,Video Lesson for Topic 1400,20:00
1401,Video Lesson for Topic 1401,05:30
1402,Video Lesson for Topic 1402,18:10
1403,Video Lesson for Topic 1403,18:10
1404,Video Lesson for Topic 1404,15:20
1405,Video Lesson for Topic 1405,15:20
1406,Video Lesson for Topic 1406,10:00
1407,Video Lesson for Topic 1407,20:00
1408,Video Lesson for Topic 1408,25:30:00
1409,Video Lesson for Topic 1409,30:00:00
1410,Video Lesson for Topic 1410,10:00
1411,Video Lesson for Topic 1411,15:20
1412,Video Lesson for Topic 1412,30:00:00
1413,Video Lesson for Topic 1413,10:00
1414,Video Lesson for Topic 1414,25:30:00
1415,Video Lesson for Topic 1415,08:15
1416,Video Lesson for Topic 1416,10:00
1417,Video Lesson for Topic 1417,20:00
1418,Video Lesson for Topic 1418,20:00
1419,Video Lesson for Topic 1419,05:30
1420,Video Lesson for Topic 1420,15:20
1421,Video Lesson for Topic 1421,18:10
1422,Video Lesson for Topic 1422,05:30
1423,Video Lesson for Topic 1423,20:00
1424,Video Lesson for Topic 1424,30:00:00
1425,Video Lesson for Topic 1425,08:15
1426,Video Lesson for Topic 1426,18:10
1427,Video Lesson for Topic 1427,20:00
1428,Video Lesson for Topic 1428,10:00
1429,Video Lesson for Topic 1429,30:00:00
1430,Video Lesson for Topic 1430,30:00:00
1431,Video Lesson for Topic 1431,25:30:00
1432,Video Lesson for Topic 1432,05:30
1433,Video Lesson for Topic 1433,20:00
1434,Video Lesson for Topic 1434,20:00
1435,Video Lesson for Topic 1435,12:45
1436,Video Lesson for Topic 1436,10:00
1437,Video Lesson for Topic 1437,25:30:00
1438,Video Lesson for Topic 1438,08:15
1439,Video Lesson for Topic 1439,08:15
1440,Video Lesson for Topic 1440,10:00
1441,Video Lesson for Topic 1441,05:30
1442,Video Lesson for Topic 1442,20:00
1443,Video Lesson for Topic 1443,08:15
1444,Video Lesson for Topic 1444,08:15
1445,Video Lesson for Topic 1445,18:10
1446,Video Lesson for Topic 1446,10:00
1447,Video Lesson for Topic 1447,12:45
1448,Video Lesson for Topic 1448,05:30
1449,Video Lesson for Topic 1449,30:00:00
1450,Video Lesson for Topic 1450,12:45
1451,Video Lesson for Topic 1451,05:30
1452,Video Lesson for Topic 1452,30:00:00
1453,Video Lesson for Topic 1453,15:20
1454,Video Lesson for Topic 1454,30:00:00
1455,Video Lesson for Topic 1455,12:45
1456,Video Lesson for Topic 1456,05:30
1457,Video Lesson for Topic 1457,25:30:00
1458,Video Lesson for Topic 1458,18:10
1459,Video Lesson for Topic 1459,15:20
1460,Video Lesson for Topic 1460,08:15
1461,Video Lesson for Topic 1461,12:45
1462,Video Lesson for Topic 1462,15:20
1463,Video Lesson for Topic 1463,05:30
1464,Video Lesson for Topic 1464,30:00:00
1465,Video Lesson for Topic 1465,25:30:00
1466,Video Lesson for Topic 1466,25:30:00
1467,Video Lesson for Topic 1467,08:15
1468,Video Lesson for Topic 1468,08:15
1469,Video Lesson for Topic 1469,12:45
1470,Video Lesson for Topic 1470,10:00
1471,Video Lesson for Topic 1471,12:45
1472,Video Lesson for Topic 1472,08:15
1473,Video Lesson for Topic 1473,30:00:00
1474,Video Lesson for Topic 1474,08:15
1475,Video Lesson for Topic 1475,25:30:00
1476,Video Lesson for Topic 1476,18:10
1477,Video Lesson for Topic 1477,20:00
1478,Video Lesson for Topic 1478,25:30:00
1479,Video Lesson for Topic 1479,18:10
1480,Video Lesson for Topic 1480,20:00
1481,Video Lesson for Topic 1481,05:30
1482,Video Lesson for Topic 1482,15:20
1483,Video Lesson for Topic 1483,25:30:00
1484,Video Lesson for Topic 1484,12:45
1485,Video Lesson for Topic 1485,15:20
1486,Video Lesson for Topic 1486,18:10
1487,Video Lesson for Topic 1487,25:30:00
1488,Video Lesson for Topic 1488,05:30
1489,Video Lesson for Topic 1489,20:00
1490,Video Lesson for Topic 1490,30:00:00
1491,Video Lesson for Topic 1491,15:20
1492,Video Lesson for Topic 1492,10:00
1493,Video Lesson for Topic 1493,30:00:00
1494,Video Lesson for Topic 1494,05:30
1495,Video Lesson for Topic 1495,12:45
1496,Video Lesson for Topic 1496,18:10
1497,Video Lesson for Topic 1497,20:00
1498,Video Lesson for Topic 1498,20:00
1499,Video Lesson for Topic 1499,05:30
1500,Video Lesson for Topic 1500,20:00
1501,Video Lesson for Topic 1501,08:15
1502,Video Lesson for Topic 1502,10:00
1503,Video Lesson for Topic 1503,05:30
1504,Video Lesson for Topic 1504,18:10
1505,Video Lesson for Topic 1505,25:30:00
1506,Video Lesson for Topic 1506,05:30
1507,Video Lesson for Topic 1507,10:00
1508,Video Lesson for Topic 1508,10:00
1509,Video Lesson for Topic 1509,12:45
1510,Video Lesson for Topic 1510,18:10
1511,Video Lesson for Topic 1511,10:00
1512,Video Lesson for Topic 1512,05:30
1513,Video Lesson for Topic 1513,15:20
1514,Video Lesson for Topic 1514,05:30
1515,Video Lesson for Topic 1515,12:45
1516,Video Lesson for Topic 1516,05:30
1517,Video Lesson for Topic 1517,15:20
1518,Video Lesson for Topic 1518,30:00:00
1519,Video Lesson for Topic 1519,20:00
1520,Video Lesson for Topic 1520,30:00:00
1521,Video Lesson for Topic 1521,12:45
1522,Video Lesson for Topic 1522,08:15
1523,Video Lesson for Topic 1523,25:30:00
1524,Video Lesson for Topic 1524,12:45
1525,Video Lesson for Topic 1525,20:00
1526,Video Lesson for Topic 1526,12:45
1527,Video Lesson for Topic 1527,30:00:00
1528,Video Lesson for Topic 1528,25:30:00
1529,Video Lesson for Topic 1529,08:15
1530,Video Lesson for Topic 1530,18:10
1531,Video Lesson for Topic 1531,25:30:00
1532,Video Lesson for Topic 1532,30:00:00
1533,Video Lesson for Topic 1533,20:00
1534,Video Lesson for Topic 1534,20:00
1535,Video Lesson for Topic 1535,08:15
1536,Video Lesson for Topic 1536,12:45
1537,Video Lesson for Topic 1537,18:10
1538,Video Lesson for Topic 1538,25:30:00
1539,Video Lesson for Topic 1539,25:30:00
1540,Video Lesson for Topic 1540,18:10
1541,Video Lesson for Topic 1541,12:45
1542,Video Lesson for Topic 1542,30:00:00
1543,Video Lesson for Topic 1543,10:00
1544,Video Lesson for Topic 1544,08:15
1545,Video Lesson for Topic 1545,08:15
1546,Video Lesson for Topic 1546,15:20
1547,Video Lesson for Topic 1547,20:00
1548,Video Lesson for Topic 1548,25:30:00
1549,Video Lesson for Topic 1549,10:00
1550,Video Lesson for Topic 1550,30:00:00
1551,Video Lesson for Topic 1551,20:00
1552,Video Lesson for Topic 1552,08:15
1553,Video Lesson for Topic 1553,10:00
1554,Video Lesson for Topic 1554,30:00:00
1555,Video Lesson for Topic 1555,30:00:00
1556,Video Lesson for Topic 1556,05:30
1557,Video Lesson for Topic 1557,05:30
1558,Video Lesson for Topic 1558,30:00:00
1559,Video Lesson for Topic 1559,18:10
1560,Video Lesson for Topic 1560,18:10
1561,Video Lesson for Topic 1561,20:00
1562,Video Lesson for Topic 1562,15:20
1563,Video Lesson for Topic 1563,30:00:00
1564,Video Lesson for Topic 1564,10:00
1565,Video Lesson for Topic 1565,12:45
1566,Video Lesson for Topic 1566,08:15
1567,Video Lesson for Topic 1567,18:10
1568,Video Lesson for Topic 1568,12:45
1569,Video Lesson for Topic 1569,18:10
1570,Video Lesson for Topic 1570,15:20
1571,Video Lesson for Topic 1571,25:30:00
1572,Video Lesson for Topic 1572,05:30
1573,Video Lesson for Topic 1573,25:30:00
1574,Video Lesson for Topic 1574,25:30:00
1575,Video Lesson for Topic 1575,18:10
1576,Video Lesson for Topic 1576,25:30:00
1577,Video Lesson for Topic 1577,25:30:00
1578,Video Lesson for Topic 1578,25:30:00
1579,Video Lesson for Topic 1579,15:20
1580,Video Lesson for Topic 1580,18:10
1581,Video Lesson for Topic 1581,15:20
1582,Video Lesson for Topic 1582,12:45
1583,Video Lesson for Topic 1583,10:00
1584,Video Lesson for Topic 1584,08:15
1585,Video Lesson for Topic 1585,18:10
1586,Video Lesson for Topic 1586,25:30:00
1587,Video Lesson for Topic 1587,30:00:00
1588,Video Lesson for Topic 1588,15:20
1589,Video Lesson for Topic 1589,25:30:00
1590,Video Lesson for Topic 1590,08:15
1591,Video Lesson for Topic 1591,08:15
1592,Video Lesson for Topic 1592,10:00
1593,Video Lesson for Topic 1593,18:10
1594,Video Lesson for Topic 1594,10:00
1595,Video Lesson for Topic 1595,30:00:00
1596,Video Lesson for Topic 1596,15:20
1597,Video Lesson for Topic 1597,18:10
1598,Video Lesson for Topic 1598,12:45
1599,Video Lesson for Topic 1599,15:20
1600,Video Lesson for Topic 1600,15:20
1601,Video Lesson for Topic 1601,05:30
1602,Video Lesson for Topic 1602,08:15
1603,Video Lesson for Topic 1603,10:00
1604,Video Lesson for Topic 1604,18:10
1605,Video Lesson for Topic 1605,08:15
1606,Video Lesson for Topic 1606,15:20
1607,Video Lesson for Topic 1607,15:20
1608,Video Lesson for Topic 1608,30:00:00
1609,Video Lesson for Topic 1609,05:30
1610,Video Lesson for Topic 1610,05:30
1611,Video Lesson for Topic 1611,08:15
1612,Video Lesson for Topic 1612,30:00:00
1613,Video Lesson for Topic 1613,15:20
1614,Video Lesson for Topic 1614,10:00
1615,Video Lesson for Topic 1615,10:00
1616,Video Lesson for Topic 1616,12:45
1617,Video Lesson for Topic 1617,08:15
1618,Video Lesson for Topic 1618,12:45
1619,Video Lesson for Topic 1619,20:00
1620,Video Lesson for Topic 1620,12:45
1621,Video Lesson for Topic 1621,12:45
1622,Video Lesson for Topic 1622,30:00:00
1623,Video Lesson for Topic 1623,25:30:00
1624,Video Lesson for Topic 1624,12:45
1625,Video Lesson for Topic 1625,25:30:00
1626,Video Lesson for Topic 1626,30:00:00
1627,Video Lesson for Topic 1627,18:10
1628,Video Lesson for Topic 1628,10:00
1629,Video Lesson for Topic 1629,05:30
1630,Video Lesson for Topic 1630,20:00
1631,Video Lesson for Topic 1631,30:00:00
1632,Video Lesson for Topic 1632,20:00
1633,Video Lesson for Topic 1633,12:45
1634,Video Lesson for Topic 1634,25:30:00
1635,Video Lesson for Topic 1635,18:10
1636,Video Lesson for Topic 1636,20:00
1637,Video Lesson for Topic 1637,18:10
1638,Video Lesson for Topic 1638,05:30
1639,Video Lesson for Topic 1639,10:00
1640,Video Lesson for Topic 1640,05:30
1641,Video Lesson for Topic 1641,10:00
1642,Video Lesson for Topic 1642,20:00
1643,Video Lesson for Topic 1643,30:00:00
1644,Video Lesson for Topic 1644,20:00
1645,Video Lesson for Topic 1645,18:10
1646,Video Lesson for Topic 1646,20:00
1647,Video Lesson for Topic 1647,05:30
1648,Video Lesson for Topic 1648,10:00
1649,Video Lesson for Topic 1649,20:00
1650,Video Lesson for Topic 1650,15:20
1651,Video Lesson for Topic 1651,20:00
1652,Video Lesson for Topic 1652,08:15
1653,Video Lesson for Topic 1653,20:00
1654,Video Lesson for Topic 1654,12:45
1655,Video Lesson for Topic 1655,10:00
1656,Video Lesson for Topic 1656,15:20
1657,Video Lesson for Topic 1657,25:30:00
1658,Video Lesson for Topic 1658,10:00
1659,Video Lesson for Topic 1659,30:00:00
1660,Video Lesson for Topic 1660,12:45
1661,Video Lesson for Topic 1661,20:00
1662,Video Lesson for Topic 1662,25:30:00
1663,Video Lesson for Topic 1663,25:30:00
1664,Video Lesson for Topic 1664,30:00:00
1665,Video Lesson for Topic 1665,18:10
1666,Video Lesson for Topic 1666,12:45
1667,Video Lesson for Topic 1667,12:45
1668,Video Lesson for Topic 1668,18:10
1669,Video Lesson for Topic 1669,18:10
1670,Video Lesson for Topic 1670,30:00:00
1671,Video Lesson for Topic 1671,20:00
1672,Video Lesson for Topic 1672,30:00:00
1673,Video Lesson for Topic 1673,30:00:00
1674,Video Lesson for Topic 1674,08:15
1675,Video Lesson for Topic 1675,30:00:00
1676,Video Lesson for Topic 1676,25:30:00
1677,Video Lesson for Topic 1677,18:10
1678,Video Lesson for Topic 1678,08:15
1679,Video Lesson for Topic 1679,05:30
1680,Video Lesson for Topic 1680,05:30
1681,Video Lesson for Topic 1681,05:30
1682,Video Lesson for Topic 1682,25:30:00
1683,Video Lesson for Topic 1683,15:20
1684,Video Lesson for Topic 1684,30:00:00
1685,Video Lesson for Topic 1685,30:00:00
1686,Video Lesson for Topic 1686,08:15
1687,Video Lesson for Topic 1687,15:20
1688,Video Lesson for Topic 1688,15:20
1689,Video Lesson for Topic 1689,25:30:00
1690,Video Lesson for Topic 1690,10:00
1691,Video Lesson for Topic 1691,10:00
1692,Video Lesson for Topic 1692,20:00
1693,Video Lesson for Topic 1693,18:10
1694,Video Lesson for Topic 1694,20:00
1695,Video Lesson for Topic 1695,30:00:00
1696,Video Lesson for Topic 1696,15:20
1697,Video Lesson for Topic 1697,08:15
1698,Video Lesson for Topic 1698,08:15
1699,Video Lesson for Topic 1699,25:30:00
1700,Video Lesson for Topic 1700,20:00
1701,Video Lesson for Topic 1701,25:30:00
1702,Video Lesson for Topic 1702,10:00
1703,Video Lesson for Topic 1703,30:00:00
1704,Video Lesson for Topic 1704,05:30
1705,Video Lesson for Topic 1705,20:00
1706,Video Lesson for Topic 1706,20:00
1707,Video Lesson for Topic 1707,18:10
1708,Video Lesson for Topic 1708,20:00
1709,Video Lesson for Topic 1709,08:15
1710,Video Lesson for Topic 1710,25:30:00
1711,Video Lesson for Topic 1711,10:00
1712,Video Lesson for Topic 1712,05:30
1713,Video Lesson for Topic 1713,10:00
1714,Video Lesson for Topic 1714,20:00
1715,Video Lesson for Topic 1715,12:45
1716,Video Lesson for Topic 1716,15:20
1717,Video Lesson for Topic 1717,05:30
1718,Video Lesson for Topic 1718,25:30:00
1719,Video Lesson for Topic 1719,25:30:00
1720,Video Lesson for Topic 1720,18:10
1721,Video Lesson for Topic 1721,05:30
1722,Video Lesson for Topic 1722,25:30:00
1723,Video Lesson for Topic 1723,25:30:00
1724,Video Lesson for Topic 1724,12:45
1725,Video Lesson for Topic 1725,05:30
1726,Video Lesson for Topic 1726,25:30:00
1727,Video Lesson for Topic 1727,10:00
1728,Video Lesson for Topic 1728,10:00
1729,Video Lesson for Topic 1729,12:45
1730,Video Lesson for Topic 1730,12:45
1731,Video Lesson for Topic 1731,05:30
1732,Video Lesson for Topic 1732,05:30
1733,Video Lesson for Topic 1733,18:10
1734,Video Lesson for Topic 1734,25:30:00
1735,Video Lesson for Topic 1735,25:30:00
1736,Video Lesson for Topic 1736,30:00:00
1737,Video Lesson for Topic 1737,10:00
1738,Video Lesson for Topic 1738,20:00
1739,Video Lesson for Topic 1739,12:45
1740,Video Lesson for Topic 1740,05:30
1741,Video Lesson for Topic 1741,15:20
1742,Video Lesson for Topic 1742,08:15
1743,Video Lesson for Topic 1743,08:15
1744,Video Lesson for Topic 1744,15:20
1745,Video Lesson for Topic 1745,18:10
1746,Video Lesson for Topic 1746,30:00:00
1747,Video Lesson for Topic 1747,30:00:00
1748,Video Lesson for Topic 1748,08:15
1749,Video Lesson for Topic 1749,18:10
1750,Video Lesson for Topic 1750,12:45
1751,Video Lesson for Topic 1751,30:00:00
1752,Video Lesson for Topic 1752,12:45
1753,Video Lesson for Topic 1753,20:00
1754,Video Lesson for Topic 1754,08:15
1755,Video Lesson for Topic 1755,08:15
1756,Video Lesson for Topic 1756,15:20
1757,Video Lesson for Topic 1757,20:00
1758,Video Lesson for Topic 1758,12:45
1759,Video Lesson for Topic 1759,15:20
1760,Video Lesson for Topic 1760,08:15
1761,Video Lesson for Topic 1761,05:30
1762,Video Lesson for Topic 1762,30:00:00
1763,Video Lesson for Topic 1763,05:30
1764,Video Lesson for Topic 1764,25:30:00
1765,Video Lesson for Topic 1765,15:20
1766,Video Lesson for Topic 1766,20:00
1767,Video Lesson for Topic 1767,05:30
1768,Video Lesson for Topic 1768,20:00
1769,Video Lesson for Topic 1769,05:30
1770,Video Lesson for Topic 1770,25:30:00
1771,Video Lesson for Topic 1771,12:45
1772,Video Lesson for Topic 1772,05:30
1773,Video Lesson for Topic 1773,08:15
1774,Video Lesson for Topic 1774,05:30
1775,Video Lesson for Topic 1775,15:20
1776,Video Lesson for Topic 1776,08:15
1777,Video Lesson for Topic 1777,12:45
1778,Video Lesson for Topic 1778,18:10
1779,Video Lesson for Topic 1779,18:10
1780,Video Lesson for Topic 1780,18:10
1781,Video Lesson for Topic 1781,15:20
1782,Video Lesson for Topic 1782,10:00
1783,Video Lesson for Topic 1783,08:15
1784,Video Lesson for Topic 1784,12:45
1785,Video Lesson for Topic 1785,15:20
1786,Video Lesson for Topic 1786,15:20
1787,Video Lesson for Topic 1787,08:15
1788,Video Lesson for Topic 1788,12:45
1789,Video Lesson for Topic 1789,15:20
1790,Video Lesson for Topic 1790,18:10
1791,Video Lesson for Topic 1791,10:00
1792,Video Lesson for Topic 1792,10:00
1793,Video Lesson for Topic 1793,05:30
1794,Video Lesson for Topic 1794,18:10
1795,Video Lesson for Topic 1795,12:45
1796,Video Lesson for Topic 1796,20:00
1797,Video Lesson for Topic 1797,18:10
1798,Video Lesson for Topic 1798,20:00
1799,Video Lesson for Topic 1799,12:45
1800,Video Lesson for Topic 1800,05:30
1801,Video Lesson for Topic 1801,12:45
1802,Video Lesson for Topic 1802,10:00
1803,Video Lesson for Topic 1803,08:15
1804,Video Lesson for Topic 1804,08:15
1805,Video Lesson for Topic 1805,10:00
1806,Video Lesson for Topic 1806,20:00
1807,Video Lesson for Topic 1807,15:20
1808,Video Lesson for Topic 1808,30:00:00
1809,Video Lesson for Topic 1809,20:00
1810,Video Lesson for Topic 1810,25:30:00
1811,Video Lesson for Topic 1811,05:30
1812,Video Lesson for Topic 1812,12:45
1813,Video Lesson for Topic 1813,25:30:00
1814,Video Lesson for Topic 1814,20:00
1815,Video Lesson for Topic 1815,30:00:00
1816,Video Lesson for Topic 1816,25:30:00
1817,Video Lesson for Topic 1817,20:00
1818,Video Lesson for Topic 1818,30:00:00
1819,Video Lesson for Topic 1819,20:00
1820,Video Lesson for Topic 1820,18:10
1821,Video Lesson for Topic 1821,15:20
1822,Video Lesson for Topic 1822,30:00:00
1823,Video Lesson for Topic 1823,30:00:00
1824,Video Lesson for Topic 1824,25:30:00
1825,Video Lesson for Topic 1825,08:15
1826,Video Lesson for Topic 1826,25:30:00
1827,Video Lesson for Topic 1827,05:30
1828,Video Lesson for Topic 1828,10:00
1829,Video Lesson for Topic 1829,08:15
1830,Video Lesson for Topic 1830,10:00
1831,Video Lesson for Topic 1831,10:00
1832,Video Lesson for Topic 1832,10:00
1833,Video Lesson for Topic 1833,30:00:00
1834,Video Lesson for Topic 1834,05:30
1835,Video Lesson for Topic 1835,25:30:00
1836,Video Lesson for Topic 1836,20:00
1837,Video Lesson for Topic 1837,12:45
1838,Video Lesson for Topic 1838,25:30:00
1839,Video Lesson for Topic 1839,12:45
1840,Video Lesson for Topic 1840,10:00
1841,Video Lesson for Topic 1841,18:10
1842,Video Lesson for Topic 1842,05:30
1843,Video Lesson for Topic 1843,20:00
1844,Video Lesson for Topic 1844,15:20
1845,Video Lesson for Topic 1845,05:30
1846,Video Lesson for Topic 1846,20:00
1847,Video Lesson for Topic 1847,18:10
1848,Video Lesson for Topic 1848,12:45
1849,Video Lesson for Topic 1849,10:00
1850,Video Lesson for Topic 1850,25:30:00
1851,Video Lesson for Topic 1851,15:20
1852,Video Lesson for Topic 1852,08:15
1853,Video Lesson for Topic 1853,12:45
1854,Video Lesson for Topic 1854,08:15
1855,Video Lesson for Topic 1855,18:10
1856,Video Lesson for Topic 1856,20:00
1857,Video Lesson for Topic 1857,12:45
1858,Video Lesson for Topic 1858,30:00:00
1859,Video Lesson for Topic 1859,30:00:00
1860,Video Lesson for Topic 1860,12:45
1861,Video Lesson for Topic 1861,08:15
1862,Video Lesson for Topic 1862,30:00:00
1863,Video Lesson for Topic 1863,15:20
1864,Video Lesson for Topic 1864,15:20
1865,Video Lesson for Topic 1865,05:30
1866,Video Lesson for Topic 1866,08:15
1867,Video Lesson for Topic 1867,08:15
1868,Video Lesson for Topic 1868,30:00:00
1869,Video Lesson for Topic 1869,08:15
1870,Video Lesson for Topic 1870,08:15
1871,Video Lesson for Topic 1871,10:00
1872,Video Lesson for Topic 1872,10:00
1873,Video Lesson for Topic 1873,12:45
1874,Video Lesson for Topic 1874,12:45
1875,Video Lesson for Topic 1875,18:10
1876,Video Lesson for Topic 1876,20:00
1877,Video Lesson for Topic 1877,15:20
1878,Video Lesson for Topic 1878,12:45
1879,Video Lesson for Topic 1879,12:45
1880,Video Lesson for Topic 1880,20:00
1881,Video Lesson for Topic 1881,05:30
1882,Video Lesson for Topic 1882,08:15
1883,Video Lesson for Topic 1883,25:30:00
1884,Video Lesson for Topic 1884,15:20
1885,Video Lesson for Topic 1885,12:45
1886,Video Lesson for Topic 1886,10:00
1887,Video Lesson for Topic 1887,25:30:00
1888,Video Lesson for Topic 1888,15:20
1889,Video Lesson for Topic 1889,10:00
1890,Video Lesson for Topic 1890,25:30:00
1891,Video Lesson for Topic 1891,08:15
1892,Video Lesson for Topic 1892,30:00:00
1893,Video Lesson for Topic 1893,25:30:00
1894,Video Lesson for Topic 1894,05:30
1895,Video Lesson for Topic 1895,18:10
1896,Video Lesson for Topic 1896,25:30:00
1897,Video Lesson for Topic 1897,15:20
1898,Video Lesson for Topic 1898,10:00
1899,Video Lesson for Topic 1899,25:30:00
1900,Video Lesson for Topic 1900,15:20
1901,Video Lesson for Topic 1901,20:00
1902,Video Lesson for Topic 1902,10:00
1903,Video Lesson for Topic 1903,05:30
1904,Video Lesson for Topic 1904,15:20
1905,Video Lesson for Topic 1905,30:00:00
1906,Video Lesson for Topic 1906,30:00:00
1907,Video Lesson for Topic 1907,05:30
1908,Video Lesson for Topic 1908,05:30
1909,Video Lesson for Topic 1909,25:30:00
1910,Video Lesson for Topic 1910,15:20
1911,Video Lesson for Topic 1911,15:20
1912,Video Lesson for Topic 1912,25:30:00
1913,Video Lesson for Topic 1913,30:00:00
1914,Video Lesson for Topic 1914,18:10
1915,Video Lesson for Topic 1915,10:00
1916,Video Lesson for Topic 1916,10:00
1917,Video Lesson for Topic 1917,15:20
1918,Video Lesson for Topic 1918,05:30
1919,Video Lesson for Topic 1919,08:15
1920,Video Lesson for Topic 1920,08:15
1921,Video Lesson for Topic 1921,15:20
1922,Video Lesson for Topic 1922,15:20
1923,Video Lesson for Topic 1923,25:30:00
1924,Video Lesson for Topic 1924,25:30:00
1925,Video Lesson for Topic 1925,25:30:00
1926,Video Lesson for Topic 1926,08:15
1927,Video Lesson for Topic 1927,10:00
1928,Video Lesson for Topic 1928,20:00
1929,Video Lesson for Topic 1929,18:10
1930,Video Lesson for Topic 1930,05:30
1931,Video Lesson for Topic 1931,12:45
1932,Video Lesson for Topic 1932,08:15
1933,Video Lesson for Topic 1933,18:10
1934,Video Lesson for Topic 1934,18:10
1935,Video Lesson for Topic 1935,05:30
1936,Video Lesson for Topic 1936,15:20
1937,Video Lesson for Topic 1937,05:30
1938,Video Lesson for Topic 1938,18:10
1939,Video Lesson for Topic 1939,08:15
1940,Video Lesson for Topic 1940,12:45
1941,Video Lesson for Topic 1941,10:00
1942,Video Lesson for Topic 1942,30:00:00
1943,Video Lesson for Topic 1943,18:10
1944,Video Lesson for Topic 1944,05:30
1945,Video Lesson for Topic 1945,18:10
1946,Video Lesson for Topic 1946,18:10
1947,Video Lesson for Topic 1947,15:20
1948,Video Lesson for Topic 1948,20:00
1949,Video Lesson for Topic 1949,25:30:00
1950,Video Lesson for Topic 1950,20:00
1951,Video Lesson for Topic 1951,10:00
1952,Video Lesson for Topic 1952,30:00:00
1953,Video Lesson for Topic 1953,25:30:00
1954,Video Lesson for Topic 1954,10:00
1955,Video Lesson for Topic 1955,20:00
1956,Video Lesson for Topic 1956,10:00
1957,Video Lesson for Topic 1957,18:10
1958,Video Lesson for Topic 1958,15:20
1959,Video Lesson for Topic 1959,30:00:00
1960,Video Lesson for Topic 1960,30:00:00
1961,Video Lesson for Topic 1961,18:10
1962,Video Lesson for Topic 1962,05:30
1963,Video Lesson for Topic 1963,10:00
1964,Video Lesson for Topic 1964,18:10
1965,Video Lesson for Topic 1965,20:00
1966,Video Lesson for Topic 1966,05:30
1967,Video Lesson for Topic 1967,25:30:00
1968,Video Lesson for Topic 1968,08:15
1969,Video Lesson for Topic 1969,05:30
1970,Video Lesson for Topic 1970,30:00:00
1971,Video Lesson for Topic 1971,25:30:00
1972,Video Lesson for Topic 1972,20:00
1973,Video Lesson for Topic 1973,30:00:00
1974,Video Lesson for Topic 1974,15:20
1975,Video Lesson for Topic 1975,15:20
1976,Video Lesson for Topic 1976,12:45
1977,Video Lesson for Topic 1977,12:45
1978,Video Lesson for Topic 1978,05:30
1979,Video Lesson for Topic 1979,10:00
1980,Video Lesson for Topic 1980,20:00
1981,Video Lesson for Topic 1981,08:15
1982,Video Lesson for Topic 1982,10:00
1983,Video Lesson for Topic 1983,25:30:00
1984,Video Lesson for Topic 1984,15:20
1985,Video Lesson for Topic 1985,20:00
1986,Video Lesson for Topic 1986,05:30
1987,Video Lesson for Topic 1987,15:20
1988,Video Lesson for Topic 1988,08:15
1989,Video Lesson for Topic 1989,05:30
1990,Video Lesson for Topic 1990,30:00:00
1991,Video Lesson for Topic 1991,08:15
1992,Video Lesson for Topic 1992,10:00
1993,Video Lesson for Topic 1993,30:00:00
1994,Video Lesson for Topic 1994,20:00
1995,Video Lesson for Topic 1995,05:30
1996,Video Lesson for Topic 1996,30:00:00
1997,Video Lesson for Topic 1997,10:00
1998,Video Lesson for Topic 1998,08:15
1999,Video Lesson for Topic 1999,30:00:00
2000,Video Lesson for Topic 2000,30:00:00
